card_name,pointed_prob,est_points,appearances,avg_placement,top4_rate,avg_level,_reg_raw
Eladamri's Call,99.8,1,7,2.4285714285714284,0.8571428571428571,2.0,1.0997979123330535
Brutal Cathar,27.7,1,4,2.25,1.0,2.0,1.2241060247091495
Grim Monolith,11.7,2,7,4.714285714285714,0.14285714285714285,2.2857142857142856,1.735352185546212
Worldly Tutor,11.5,2,7,3.0,0.7142857142857143,2.2857142857142856,1.7178028428035963
Electrolyze,11.3,1,7,3.2857142857142856,0.5714285714285714,3.0,1.195706912230338
Outland Liberator,11.1,1,5,5.0,0.0,2.0,1.2482932647682623
Lorien Revealed,10.9,1,5,3.0,0.6,2.0,1.2358510895855517
Harmonize,8.9,1,5,2.6,0.8,2.4,1.3154350493730116
Troll of Khazad-dum,8.6,1,5,3.6,0.6,2.0,1.2403473186001708
Enlightened Tutor,7.5,1,6,4.166666666666667,0.3333333333333333,2.3333333333333335,1.2144763798934566
"Otawara, Soaring City",7.5,1,10,4.0,0.4,2.0,1.2019840639017618
Bonecrusher Giant,7.3,1,6,2.6666666666666665,0.8333333333333334,2.0,1.2292825715326452
"Ajani, Nacatl Pariah",6.1,1,7,3.7142857142857144,0.42857142857142855,2.0,1.2430797169622514
Gamble,6.1,2,2,4.0,0.5,2.0,1.638861324844263
Fable of the Mirror-Breaker,6.1,1,11,3.3636363636363638,0.6363636363636364,2.0,1.2358326634137118
Lotus Petal,6.0,1,5,4.4,0.2,2.0,1.3916950873603007
Grim Tutor,6.0,1,1,5.0,0.0,3.0,1.327720888102097
Teferi's Protection,5.8,1,2,2.0,1.0,2.0,1.157562365910799
Entomb,5.6,1,5,3.8,0.4,2.2,1.4769797738398218
Brazen Borrower,5.1,1,7,3.142857142857143,0.7142857142857143,2.0,1.2344217401984166
Aether Vial,5.0,1,8,2.375,0.875,2.125,1.4997704279820003
City of Traitors,4.9,1,13,3.8461538461538463,0.46153846153846156,2.0,1.4035905671590434
Gaea's Cradle,4.9,1,12,4.0,0.4166666666666667,2.1666666666666665,1.280451954903741
Sideboard,4.6,1,8,3.625,0.5,2.0,1.2409798661186089
Stock Up,4.5,2,3,3.6666666666666665,0.6666666666666666,2.0,1.5146394700169192
Reshape,4.4,1,1,5.0,0.0,3.0,1.4344405172304693
Grim Lavamancer,4.4,1,5,2.4,0.8,2.6,1.3341637278389817
"Teferi, Time Raveler",4.1,1,8,3.5,0.5,2.0,1.3303210919419208
Bribery,3.9,1,1,3.0,1.0,2.0,1.1200575775118267
Inventors' Fair,3.9,1,7,4.571428571428571,0.14285714285714285,2.0,1.2868792939333304
Sleight of Hand,3.9,1,6,2.8333333333333335,0.8333333333333334,2.1666666666666665,1.391407492946092
Impulse,3.7,1,9,3.4444444444444446,0.5555555555555556,2.7777777777777777,1.2868365864313096
Witch Enchanter,3.7,1,4,3.75,0.5,2.0,1.2433476195512099
Timetwister,3.3,2,2,5.0,0.0,2.5,1.7815445318945997
Preordain,3.3,1,21,3.1904761904761907,0.6666666666666666,2.380952380952381,1.2019820618447754
Boreal Druid,3.3,2,5,3.6,0.6,2.4,1.891111232284502
Kuldotha Forgemaster,3.3,1,1,5.0,0.0,3.0,1.4248880265002606
Memory Lapse,3.3,1,5,3.0,0.8,2.2,1.3406013603654041
Sensei's Divining Top,3.2,2,14,4.214285714285714,0.42857142857142855,2.357142857142857,1.510317547246631
Giant Killer,3.2,1,3,2.3333333333333335,1.0,2.0,1.2250799830178118
Liliana of the Veil,3.1,1,5,3.4,0.6,2.4,1.2183868594503569
Tezzeret the Seeker,3.0,1,5,5.0,0.0,2.6,1.2834075135638785
Counterspell,2.9,1,22,3.4545454545454546,0.5909090909090909,2.4545454545454546,1.2051938314000479
Lion's Eye Diamond,2.9,2,2,5.0,0.0,2.0,1.5572318645651433
Mishra's Workshop,2.8,1,5,4.4,0.2,2.2,1.3983003387940802
Sylvan Scrying,2.8,1,7,3.5714285714285716,0.42857142857142855,2.2857142857142856,1.2206003009940518
Vendilion Clique,2.8,1,12,3.3333333333333335,0.6666666666666666,2.75,1.201917295747724
"Ral, Izzet Viceroy",2.7,1,3,3.3333333333333335,0.6666666666666666,3.0,1.1671345379983817
Fire/Ice,2.6,1,9,3.5555555555555554,0.5555555555555556,2.5555555555555554,1.2468708226415497
Avacyn's Pilgrim,2.5,2,13,3.1538461538461537,0.6153846153846154,2.076923076923077,1.713182775385289
Toxic Deluge,2.5,1,11,3.5454545454545454,0.5454545454545454,2.272727272727273,1.2043925826621775
"Nykthos, Shrine to Nyx",2.4,1,4,2.25,1.0,2.0,1.3482487690470992
"Kytheon, Hero of Akros",2.4,1,6,2.8333333333333335,0.8333333333333334,2.3333333333333335,1.2351210247417541
"Jace, the Mind Sculptor",2.4,1,15,3.533333333333333,0.6,2.6666666666666665,1.360989638814047
Mirrodin Besieged,2.4,1,1,5.0,0.0,3.0,1.220643527709633
Frantic Search,2.4,1,1,5.0,0.0,2.0,1.3273273737896139
Temporal Manipulation,2.4,2,1,5.0,0.0,3.0,1.8409160059734462
Talisman of Creativity,2.4,1,1,5.0,0.0,2.0,1.3521419901910194
Sylvan Library,2.3,1,14,3.2142857142857144,0.6428571428571429,2.2142857142857144,1.3738485723894922
Woodland Bellower,2.3,1,4,3.25,0.75,2.5,1.1691529547931614
Mox Diamond,2.3,2,10,4.1,0.3,2.2,1.8681997182207257
"Urza, Lord High Artificer",2.3,1,6,4.5,0.16666666666666666,2.1666666666666665,1.3828645036847975
Ponder,2.3,1,24,3.3333333333333335,0.625,2.375,1.3127285692677644
Murkfiend Liege,2.2,1,1,4.0,1.0,2.0,1.097702870878096
Dark Depths,2.2,1,7,3.4285714285714284,0.5714285714285714,2.2857142857142856,1.3017838260870906
Garruk Relentless,2.1,1,6,2.8333333333333335,0.8333333333333334,2.5,1.237362508916296
Rootbound Crag,2.1,1,5,2.6,0.8,2.2,1.2846173661794758
Brainstorm,2.1,1,24,3.3333333333333335,0.625,2.4166666666666665,1.3396998856628486
Palace Jailer,2.1,1,19,3.263157894736842,0.631578947368421,2.0526315789473686,1.2864641570834252
Once Upon a Time,2.1,1,4,3.75,0.5,2.0,1.3706814141263153
Crucible of Worlds,2.0,1,6,3.5,0.5,2.1666666666666665,1.4640152518327028
Talisman of Dominance,2.0,2,4,4.5,0.25,2.5,1.9639759290847256
"Jace, Vryn's Prodigy",2.0,1,8,3.5,0.5,2.875,1.2518254514096094
"Golos, Tireless Pilgrim",2.0,1,3,5.0,0.0,2.0,1.3305315305163976
Energy Flux,1.9,1,3,2.3333333333333335,1.0,2.0,1.2282698176112539
Green Sun's Zenith,1.8,1,19,3.5789473684210527,0.5263157894736842,2.1578947368421053,1.3748621556178648
Esper Sentinel,1.8,1,11,3.5454545454545454,0.5454545454545454,2.0,1.4759928794092523
Rhystic Tutor,1.8,2,1,5.0,0.0,3.0,1.5028547374432786
Trinket Mage,1.7,2,7,4.142857142857143,0.42857142857142855,2.4285714285714284,1.5634428691319493
Path to Exile,1.7,1,22,3.0454545454545454,0.6818181818181818,2.1818181818181817,1.1907120556256314
Dark Confidant,1.7,1,6,3.5,0.5,2.5,1.3109546438837358
Legion's Landing,1.7,1,3,2.3333333333333335,1.0,2.3333333333333335,1.2296093922394822
"Daretti, Scrap Savant",1.7,1,1,5.0,0.0,2.0,1.2997097174614725
Expedition Map,1.7,1,8,4.125,0.25,2.0,1.446117361743833
Glorybringer,1.7,1,6,2.3333333333333335,1.0,2.1666666666666665,1.2019839595636723
Search for Azcanta,1.6,1,6,3.1666666666666665,0.6666666666666666,2.8333333333333335,1.2469299280520743
Flooded Strand,1.6,1,44,3.5454545454545454,0.5454545454545454,2.2954545454545454,1.141156680818006
Mana Confluence,1.6,1,9,3.3333333333333335,0.5555555555555556,2.2222222222222223,1.2249692552316096
Fastbond,1.6,1,4,3.5,0.5,2.25,1.2818175083658117
Worn Powerstone,1.6,2,1,5.0,0.0,3.0,1.9395475208065296
Aether Spellbomb,1.6,1,3,3.3333333333333335,0.6666666666666666,2.0,1.4800994930700413
Diabolic Intent,1.6,1,1,3.0,1.0,2.0,1.4581763221244546
Cragcrown Pathway,1.6,1,2,2.5,1.0,2.0,1.2266846380982286
Tolaria West,1.5,1,2,5.0,0.0,2.5,1.2019841128109734
Kabira Takedown,1.5,1,2,2.0,1.0,2.0,1.2228821561305612
Thirst for Knowledge,1.5,1,3,4.333333333333333,0.3333333333333333,2.6666666666666665,1.3391921778997704
Wargate,1.5,1,2,5.0,0.0,2.0,1.3274388918417013
Fabricate,1.5,1,4,5.0,0.0,2.75,1.3254900029039955
Ramunap Excavator,1.5,1,5,3.8,0.4,2.2,1.356422389301573
"Minamo, School at Water's Edge",1.5,1,4,5.0,0.0,2.25,1.157756365891605
Seachrome Coast,1.5,1,5,2.4,0.8,2.0,1.3585562698069609
Mother of Runes,1.4,1,15,3.2666666666666666,0.6,2.1333333333333333,1.266831007009325
Shefet Dunes,1.4,1,3,2.3333333333333335,1.0,2.0,1.1931408809478126
Murktide Regent,1.4,1,8,2.875,0.75,2.0,1.2002107044652954
Time Warp,1.4,2,1,5.0,0.0,3.0,1.6279999755792531
The Aetherspark,1.4,2,1,5.0,0.0,2.0,1.5435388286131857
Dismember,1.4,1,12,4.166666666666667,0.3333333333333333,2.25,1.1650239132390354
Wood Elves,1.4,1,5,2.8,0.8,2.4,1.1820923921717998
Expansion/Explosion,1.4,1,4,2.75,0.75,3.0,1.2452383414678645
Shadow of Doubt,1.4,1,3,3.3333333333333335,0.6666666666666666,2.6666666666666665,1.4678742585503628
Tidehollow Sculler,1.4,1,4,3.25,0.75,2.5,1.2949535946216677
Wasteland,1.3,1,44,3.5,0.5909090909090909,2.272727272727273,1.0777955147790277
Tainted Indulgence,1.3,1,2,4.0,0.5,2.0,1.3301735132144914
Noble Hierarch,1.3,1,17,3.235294117647059,0.6470588235294118,2.1176470588235294,1.201992261641312
Benevolent Bodyguard,1.3,1,4,2.25,1.0,2.0,1.2917610505640174
Force of Will,1.3,1,21,3.4285714285714284,0.5714285714285714,2.4761904761904763,1.1291533929038107
Cryptic Command,1.3,1,9,3.3333333333333335,0.6666666666666666,2.7777777777777777,1.1725994560655688
Bolas's Citadel,1.3,1,1,5.0,0.0,2.0,1.304374166614277
Utopia Sprawl,1.3,1,7,2.4285714285714284,0.8571428571428571,2.2857142857142856,1.2019860217256817
Transmute Artifact,1.3,1,3,4.0,0.3333333333333333,2.3333333333333335,1.357522021053287
Opt,1.2,1,10,3.0,0.7,2.5,1.2019935510359154
The Huntsman's Redemption,1.2,1,3,4.333333333333333,0.3333333333333333,2.0,1.1635944707796935
Eternal Witness,1.2,1,13,2.923076923076923,0.6923076923076923,2.230769230769231,1.3171668575607243
Endurance,1.2,1,16,3.4375,0.5625,2.0,1.2019852134782183
Steelshaper's Gift,1.2,1,4,4.0,0.5,2.5,1.4405281561561318
Time Sieve,1.2,2,1,5.0,0.0,3.0,1.6808674133810517
Skyclave Apparition,1.2,1,11,2.6363636363636362,0.8181818181818182,2.0,1.1247530225817586
Chord of Calling,1.2,1,9,3.111111111111111,0.6666666666666666,2.2222222222222223,1.2019785254186333
Basalt Monolith,1.1,2,2,5.0,0.0,2.5,1.7746822866549032
"Garruk, Caller of Beasts",1.1,1,4,2.25,1.0,2.25,1.28728719782631
Expressive Iteration,1.1,1,9,3.3333333333333335,0.5555555555555556,2.0,1.476239233688632
Scalding Tarn,1.1,1,42,3.5476190476190474,0.5238095238095238,2.2857142857142856,1.1417699039994875
Sejiri Shelter,1.1,1,2,2.0,1.0,2.0,1.2228822376328814
Elves of Deep Shadow,1.1,1,8,3.375,0.625,2.25,1.1919201251324232
Chrome Mox,1.1,1,16,3.625,0.5625,2.125,1.2020060667458519
Scrapheap Scrounger,1.1,1,2,3.5,0.5,2.0,1.454500025212642
Drown in the Loch,1.1,1,6,3.0,0.6666666666666666,2.0,1.1939887875438298
Consult the Star Charts,1.1,1,1,3.0,1.0,2.0,1.201973446198497
Elvish Reclaimer,1.1,1,6,4.166666666666667,0.3333333333333333,2.0,1.2813790296087737
"Kess, Dissident Mage",1.0,1,2,3.0,0.5,3.0,1.1703125068028744
Lurrus of the Dream-Den,1.0,1,5,4.0,0.4,2.0,1.2019843873685174
Pact of Negation,1.0,1,5,3.4,0.6,2.6,1.3483850327797278
"Niv-Mizzet, Parun",1.0,1,1,2.0,1.0,3.0,1.1784262386007003
Unearth,1.0,1,5,3.2,0.6,2.2,1.2019936470782733
"Aragorn, King of Gondor",1.0,1,2,3.0,0.5,2.0,1.2019842935278107
Fact or Fiction,1.0,1,10,3.7,0.5,2.9,1.395622450571485
Mind Stone,1.0,2,3,4.333333333333333,0.3333333333333333,2.3333333333333335,1.6465612475621263
Survival of the Fittest,1.0,1,3,3.6666666666666665,0.6666666666666666,2.0,1.314719320415242
Shadowspear,1.0,1,14,4.0,0.42857142857142855,2.0,1.2019868648372012
Welding Jar,0.9,1,1,2.0,1.0,2.0,1.2362114816048548
Fauna Shaman,0.9,1,9,3.111111111111111,0.6666666666666666,2.2222222222222223,1.2581867143690215
Skullclamp,0.9,1,15,3.933333333333333,0.4666666666666667,2.2,1.2019908328624467
Go for the Throat,0.9,1,5,3.0,0.8,2.6,1.270627617999871
Torpor Orb,0.8,1,3,4.0,0.3333333333333333,2.0,1.3289496075888618
Sarevok's Tome,0.8,1,1,5.0,0.0,2.0,1.4194197094552388
Dimir Signet,0.8,2,3,5.0,0.0,2.6666666666666665,2.0321808678099957
"Rofellos, Llanowar Emissary",0.8,1,3,3.0,0.6666666666666666,2.6666666666666665,1.4497323409618776
Caves of Chaos Adventurer,0.8,1,5,2.8,0.8,2.0,1.2019884057221244
Cavern of Souls,0.8,1,8,3.75,0.5,2.375,1.3275478135723244
"Titania, Protector of Argoth",0.8,1,5,3.8,0.4,2.2,1.2756432656879002
Ignoble Hierarch,0.8,1,14,3.642857142857143,0.5,2.0,1.20199296420486
Duress,0.8,1,16,3.4375,0.5625,2.3125,1.306546680956891
Careful Study,0.8,1,1,3.0,1.0,2.0,1.4446043227167553
"Chandra, Torch of Defiance",0.8,1,8,3.125,0.75,2.625,1.3312907851846312
Spell Pierce,0.7,1,17,3.3529411764705883,0.5882352941176471,2.411764705882353,1.3400799198565012
Scavenger Grounds,0.7,1,2,2.0,1.0,2.0,1.4083270131246353
Field of the Dead,0.7,1,2,5.0,0.0,2.0,1.1607855346460347
Chromatic Lantern,0.7,2,1,5.0,0.0,2.0,1.5855704520779392
Thoughtseize,0.7,1,21,3.619047619047619,0.47619047619047616,2.3333333333333335,1.3260200734361647
Rishadan Port,0.7,1,8,3.0,0.75,2.125,1.29568400377328
Huntmaster of the Fells,0.7,1,2,2.0,1.0,2.5,1.2296114452697091
Tundra,0.7,1,14,3.357142857142857,0.5714285714285714,2.142857142857143,1.398193956666033
Brainsurge,0.7,1,1,5.0,0.0,2.0,1.4428557270710356
Land Tax,0.7,1,2,2.0,1.0,2.0,1.2015953423503203
"Minsc & Boo, Timeless Heroes",0.7,1,11,3.3636363636363638,0.6363636363636364,2.0,1.2045020413551757
Brotherhood's End,0.7,1,4,4.0,0.5,2.0,1.1590438661987557
Forsaken Miner,0.7,1,1,5.0,0.0,2.0,1.3270113857259869
Growing Rites of Itlimoc,0.7,1,2,2.0,1.0,2.5,1.2296114452697091
Grief,0.7,1,4,4.5,0.25,2.0,1.2019875839273235
Undermountain Adventurer,0.7,1,11,3.3636363636363638,0.5454545454545454,2.0,1.2019846443845545
Chivalric Alliance,0.6,1,1,5.0,0.0,2.0,1.4149855025304425
Emeria's Call,0.6,1,3,3.0,0.6666666666666666,2.0,1.2355059101591597
Elvish Mystic,0.6,2,12,3.4166666666666665,0.5833333333333334,2.1666666666666665,1.9933563919149873
Seat of the Synod,0.6,1,7,4.571428571428571,0.14285714285714285,2.2857142857142856,1.3813574266914213
Crop Rotation,0.6,1,8,4.25,0.25,2.25,1.3048839281738471
Spellseeker,0.6,1,9,3.2222222222222223,0.6666666666666666,2.6666666666666665,1.3528798315158457
Hallowed Fountain,0.6,1,7,2.4285714285714284,0.8571428571428571,2.2857142857142856,1.2474481359788194
"Grist, Voracious Larva",0.6,1,1,2.0,1.0,2.0,1.2232172932280774
Mind Twist,0.6,1,6,3.6666666666666665,0.5,2.3333333333333335,1.396876427039771
Overgrown Battlement,0.6,1,2,3.5,1.0,2.0,1.2021437422472072
Paradox Engine,0.6,2,1,5.0,0.0,2.0,1.5715211751924352
"Leovold, Emissary of Trest",0.6,1,3,4.333333333333333,0.3333333333333333,2.3333333333333335,1.393510733901663
"Laelia, the Blade Reforged",0.6,1,8,2.875,0.75,2.0,1.2019870196764708
Wild Growth,0.6,1,7,2.4285714285714284,0.8571428571428571,2.2857142857142856,1.2019877376275583
Cut/Ribbons,0.6,1,1,2.0,1.0,2.0,1.2232172932280774
Kozilek's Command,0.6,1,1,5.0,0.0,2.0,1.2463372577640408
"Garruk, Primal Hunter",0.6,1,4,3.0,0.75,2.5,1.371112874759914
Glasspool Mimic,0.6,1,1,1.0,1.0,2.0,1.215601788615786
Gemstone Caverns,0.6,2,5,3.6,0.4,2.0,1.5841842468485303
Dragon's Rage Channeler,0.6,1,6,2.8333333333333335,0.6666666666666666,2.0,1.2019700485029694
"Subira, Tulzidi Caravanner",0.6,1,1,2.0,1.0,2.0,1.2019873364828797
Waterlogged Teachings,0.6,1,1,1.0,1.0,2.0,1.215601788615786
Champion of the Parish,0.6,1,4,2.5,1.0,2.25,1.2677282930260865
Wall of Omens,0.6,1,4,2.25,1.0,2.0,1.2019404150329172
Eomer of the Riddermark,0.6,1,1,2.0,1.0,2.0,1.2232172932280774
Fyndhorn Elves,0.6,2,10,3.5,0.6,2.2,1.889306945528461
Hide/Seek,0.6,1,1,2.0,1.0,2.0,1.2232172932280774
Tropical Island,0.6,2,15,3.7333333333333334,0.5333333333333333,2.1333333333333333,1.5201238874173395
Phyrexian Tower,0.5,1,1,5.0,0.0,2.0,1.39668649333215
Underground Sea,0.5,2,16,3.5,0.5,2.3125,1.5209616366739684
Invert Polarity,0.5,1,1,1.0,1.0,2.0,1.4524890686614231
Dack Fayden,0.5,1,4,4.25,0.25,2.75,1.30602677859595
Cyclonic Rift,0.5,1,1,4.0,1.0,2.0,1.2019843247593123
Lightning Bolt,0.5,1,32,3.21875,0.59375,2.28125,1.3897414919599544
Ledger Shredder,0.5,1,7,3.7142857142857144,0.5714285714285714,2.0,1.2018988988739492
Cultivate,0.5,1,1,1.0,1.0,2.0,1.3461514799810728
Birthing Pod,0.5,1,6,3.5,0.5,2.1666666666666665,1.2140936434977978
"Ugin, the Ineffable",0.5,1,1,3.0,1.0,2.0,1.2424080250229401
Academy Ruins,0.5,1,5,4.4,0.2,2.6,1.359773278029119
Notion Thief,0.5,1,1,5.0,0.0,3.0,1.2019921917620455
Smuggler's Copter,0.5,1,10,3.2,0.7,2.2,1.2015930790691018
Mana Leak,0.5,1,15,3.4,0.6,2.533333333333333,1.3008691601366407
Karplusan Forest,0.5,1,6,2.5,0.8333333333333334,2.1666666666666665,1.3058337717926278
Simic Signet,0.5,2,1,5.0,0.0,2.0,1.7893981238876482
Arena of Glory,0.5,1,2,3.5,0.5,2.0,1.2706564719898374
Molten Collapse,0.5,1,3,2.3333333333333335,0.6666666666666666,2.0,1.3347151647407354
Flare of Malice,0.5,1,1,5.0,0.0,2.0,1.2239309721785407
Retrofitter Foundry,0.5,1,6,4.5,0.16666666666666666,2.0,1.4289091663355107
Treetop Village,0.5,1,6,2.5,0.8333333333333334,2.1666666666666665,1.2234152601187267
"Ugin, the Spirit Dragon",0.5,1,2,5.0,0.0,2.0,1.3531815482789025
Pyroblast,0.5,1,6,3.5,0.5,2.0,1.1972324725009031
Volcanic Island,0.5,2,17,3.5294117647058822,0.47058823529411764,2.411764705882353,1.5236510538361934
Night's Whisper,0.5,1,2,2.0,1.0,2.5,1.3900857443203307
Berserk,0.5,1,4,4.0,0.5,2.0,1.2658351098632918
Unlicensed Hearse,0.5,1,9,3.888888888888889,0.3333333333333333,2.0,1.2019786872533917
Painter's Servant,0.5,1,4,5.0,0.0,2.75,1.2871843505081777
Helping Hand,0.5,1,1,5.0,0.0,2.0,1.2547210286339512
Trinisphere,0.5,1,3,4.0,0.3333333333333333,2.3333333333333335,1.3987617255223537
Reckless Waif,0.5,1,1,2.0,1.0,2.0,1.2232173747166517
Red Elemental Blast,0.5,1,6,3.5,0.5,2.0,1.1975582992197482
"Rick, Steadfast Leader",0.5,1,1,1.0,1.0,2.0,1.2156018690052788
Reckless Stormseeker,0.5,1,3,3.6666666666666665,0.6666666666666666,2.0,1.2405081857208284
"Thalia, Guardian of Thraben",0.5,1,8,3.125,0.75,2.25,1.2019817655330962
Sauron's Ransom,0.5,1,1,1.0,1.0,2.0,1.3981563791601164
Fireblast,0.5,1,2,3.5,0.5,2.5,1.1883095508301211
Finale of Devastation,0.5,1,6,3.3333333333333335,0.5,2.1666666666666665,1.3636732252632093
Izzet Charm,0.5,1,4,3.25,0.5,3.0,1.2616068046161883
Izzet Signet,0.5,2,2,5.0,0.0,2.5,2.0362208005653852
Plateau,0.4,1,14,3.5,0.5,2.0714285714285716,1.426703476548166
Akroma's Will,0.4,1,2,2.0,1.0,2.0,1.2295430731442343
Barrowgoyf,0.4,1,6,2.5,0.8333333333333334,2.0,1.2019843815182907
Urza's Bauble,0.4,1,5,3.8,0.4,2.0,1.4439818995290794
Glimmervoid,0.4,1,3,4.0,0.3333333333333333,2.0,1.3277025693846052
Giver of Runes,0.4,1,9,2.888888888888889,0.7777777777777778,2.111111111111111,1.290983201977301
Goblin Engineer,0.4,1,3,4.333333333333333,0.3333333333333333,2.0,1.3701068611891372
Dark Petition,0.4,1,2,5.0,0.0,3.0,1.2019856495317212
Stifle,0.4,1,4,3.75,0.5,2.25,1.258003497274962
Urza's Cave,0.4,1,2,5.0,0.0,2.0,1.200020002678381
Ranger-Captain of Eos,0.4,1,4,2.25,1.0,2.0,1.3369889387694278
Ocelot Pride,0.4,1,5,4.0,0.4,2.0,1.2019841984698145
Negate,0.4,1,7,3.7142857142857144,0.5714285714285714,2.857142857142857,1.2660079648228493
Mystic Sanctuary,0.4,1,6,2.8333333333333335,0.8333333333333334,2.0,1.3281945941041478
Savannah,0.4,1,11,3.1818181818181817,0.6363636363636364,2.0,1.4193668358623803
Ethersworn Canonist,0.4,1,3,4.333333333333333,0.3333333333333333,2.0,1.3631755326885848
Recruitment Officer,0.4,1,3,2.3333333333333335,1.0,2.0,1.474341161675041
Garruk Wildspeaker,0.4,1,6,3.5,0.6666666666666666,2.3333333333333335,1.3855762273773984
Scrubland,0.4,1,13,3.5384615384615383,0.5384615384615384,2.1538461538461537,1.4203547019173648
Simian Spirit Guide,0.4,1,1,2.0,1.0,2.0,1.4620263253986447
Swords to Plowshares,0.4,1,25,3.24,0.64,2.16,1.286799104942396
"Edric, Spymaster of Trest",0.4,1,1,3.0,1.0,2.0,1.2094170696975475
Serum Powder,0.4,2,1,5.0,0.0,2.0,1.738947857051797
Seasoned Pyromancer,0.4,1,2,4.0,0.5,2.0,1.343184743941375
Elvish Spirit Guide,0.4,2,2,3.5,0.5,2.0,1.6041585433958496
Talisman of Curiosity,0.4,2,2,5.0,0.0,2.0,1.9951446532943908
Dryad Arbor,0.4,1,7,4.0,0.42857142857142855,2.2857142857142856,1.4418352609209832
Sphinx's Revelation,0.4,1,1,3.0,1.0,3.0,1.402136812456027
Azorius Signet,0.4,2,1,5.0,0.0,2.0,2.0233159387469053
Waterlogged Grove,0.4,1,8,3.625,0.5,2.125,1.1468311152208095
Cruel Ultimatum,0.4,1,1,1.0,1.0,3.0,1.251908074132037
Delver of Secrets,0.4,1,3,4.333333333333333,0.3333333333333333,2.3333333333333335,1.2550949551997082
Abundant Harvest,0.4,1,1,2.0,1.0,2.0,1.3311899537582825
Arc Trail,0.4,1,6,3.0,0.6666666666666666,2.6666666666666665,1.2823616287775534
Animate Dead,0.3,1,5,3.6,0.6,2.0,1.2019840032153712
Ancient Den,0.3,2,5,4.4,0.2,2.0,1.5427787292459405
Wear/Tear,0.3,1,2,5.0,0.0,2.0,1.2493404723743378
Whir of Invention,0.3,1,4,5.0,0.0,2.75,1.2019852352896414
Michiko's Reign of Truth,0.3,1,2,3.5,0.5,2.0,1.242185372690245
Life from the Loam,0.3,1,5,3.4,0.6,2.2,1.201984687302006
Mentor of the Meek,0.3,1,1,2.0,1.0,2.0,1.19883616436547
Deadly Dispute,0.3,1,1,5.0,0.0,2.0,1.2019859671262518
Soul-Guide Lantern,0.3,2,4,3.75,0.5,2.0,1.6085070452513648
Walking Ballista,0.3,1,9,3.5555555555555554,0.5555555555555556,2.111111111111111,1.421525965608273
Defense Grid,0.3,1,1,5.0,0.0,2.0,1.3491941847107627
Mystic Forge,0.3,1,1,5.0,0.0,2.0,1.2879721612593173
Crackling Doom,0.3,1,1,2.0,1.0,2.0,1.1138266506626107
Countersquall,0.3,1,3,5.0,0.0,3.0,1.3926988613662026
Nested Shambler,0.3,1,1,5.0,0.0,2.0,1.409648053902784
Disdainful Stroke,0.3,1,1,3.0,1.0,3.0,1.3636814610301988
Badlands,0.3,1,12,3.4166666666666665,0.4166666666666667,2.3333333333333335,1.4316481310317335
Spell Snare,0.3,1,12,4.083333333333333,0.4166666666666667,2.5833333333333335,1.166199808095092
Sphere of Resistance,0.3,1,1,5.0,0.0,3.0,1.4346434851086984
Wall of Blossoms,0.3,1,5,2.2,1.0,2.0,1.202069166789617
Mishra's Bauble,0.3,1,6,4.0,0.3333333333333333,2.0,1.4392117328375604
Kolaghan's Command,0.3,1,8,3.125,0.5,2.5,1.2391529089382127
Subtlety,0.3,1,3,4.333333333333333,0.3333333333333333,2.0,1.2019737464223321
Summoner's Pact,0.3,1,3,2.0,1.0,2.0,1.2842776423735238
Chromatic Orrery,0.3,2,1,5.0,0.0,2.0,1.563379184458348
Primeval Titan,0.3,1,7,3.4285714285714284,0.5714285714285714,2.2857142857142856,1.20197325979492
Call of the Ring,0.3,1,1,5.0,0.0,2.0,1.2481194070641266
Time Spiral,0.3,1,1,5.0,0.0,2.0,1.4014379946936923
Razorverge Thicket,0.3,1,7,2.4285714285714284,0.8571428571428571,2.0,1.378586291685317
Thought Scour,0.3,1,8,3.375,0.5,2.25,1.2019851284491625
Thought-Knot Seer,0.3,1,2,4.0,0.5,2.0,1.3161478292976931
Ranger of Eos,0.3,1,4,2.75,0.75,2.0,1.3329934366402711
Remand,0.3,1,17,3.2941176470588234,0.5882352941176471,2.5294117647058822,1.291230584593444
Reprieve,0.3,1,3,2.3333333333333335,0.6666666666666666,2.0,1.2332199289673427
Thespian's Stage,0.3,1,7,3.4285714285714284,0.5714285714285714,2.2857142857142856,1.3573965127756062
Fiery Islet,0.3,1,6,3.1666666666666665,0.6666666666666666,2.3333333333333335,1.1500159952409892
Faerie Mastermind,0.3,1,1,1.0,1.0,2.0,1.2019809559647858
Tormod's Crypt,0.3,1,2,3.5,0.5,2.0,1.2397511086704331
Flowering of the White Tree,0.3,1,1,5.0,0.0,2.0,1.310748223798055
Rotting Regisaur,0.3,1,1,5.0,0.0,2.0,1.211413211357539
Palantir of Orthanc,0.3,1,2,4.0,0.5,2.0,1.245893302341121
Bloodstained Mire,0.3,1,44,3.5,0.5454545454545454,2.3181818181818183,1.2246730360435945
Phyrexian Furnace,0.3,2,2,4.5,0.5,2.0,1.5397647198875788
Upheaval,0.3,1,2,4.5,0.5,2.5,1.2121722290198962
Gush,0.3,1,2,3.5,0.5,2.0,1.2447966568113396
Scroll Rack,0.3,2,1,5.0,0.0,3.0,1.500703960908283
Taiga,0.3,1,15,3.1333333333333333,0.6666666666666666,2.1333333333333333,1.4271963174333786
Talisman of Progress,0.3,2,2,5.0,0.0,2.0,1.9702680557200116
Prismatic Vista,0.3,1,26,3.8076923076923075,0.46153846153846156,2.269230769230769,1.148572031752618
Tarmogoyf,0.3,1,15,3.4,0.6,2.1333333333333333,1.3169662719117303
Blightning,0.3,1,1,2.0,1.0,2.0,1.2620132262389139
Eldrazi Temple,0.3,1,1,5.0,0.0,2.0,1.3228776621173441
Village Rites,0.3,1,1,5.0,0.0,2.0,1.4207722469482424
Drowned Catacomb,0.3,1,5,4.2,0.2,3.0,1.2971222975674654
Bayou,0.3,1,20,3.9,0.45,2.2,1.4193436406744322
Neoform,0.3,1,3,3.0,0.6666666666666666,2.0,1.309309443265601
Yavimaya Coast,0.3,1,6,3.3333333333333335,0.6666666666666666,2.1666666666666665,1.3570825990298814
Luminarch Aspirant,0.3,1,4,2.5,1.0,2.0,1.4008854103958621
"Mathas, Fiend Seeker",0.3,1,1,2.0,1.0,2.0,1.201998075311345
Master of Etherium,0.3,1,2,3.5,0.5,2.0,1.337186439455953
Soulherder,0.2,1,2,2.0,1.0,2.0,1.3028491184416389
Devoted Druid,0.2,2,4,3.25,0.75,2.5,1.5374672470709454
"Delney, Streetwise Lookout",0.2,2,1,5.0,0.0,2.0,1.5051553708315906
Desolate Lighthouse,0.2,1,2,2.0,1.0,3.0,1.4130382242267232
Disallow,0.2,1,3,3.3333333333333335,0.6666666666666666,3.0,1.2510502240899724
Mishra's Factory,0.2,1,10,3.5,0.6,2.2,1.285100978129693
Spire of Industry,0.2,1,6,4.5,0.16666666666666666,2.1666666666666665,1.2351384557414358
Damnation,0.2,1,5,3.4,0.6,2.6,1.1821842532641258
"Korvold, Fae-Cursed King",0.2,1,1,5.0,0.0,2.0,1.1566376296092835
Wall of Roots,0.2,1,9,2.6666666666666665,0.7777777777777778,2.111111111111111,1.202184454009636
Mox Opal,0.2,1,8,4.625,0.125,2.125,1.2020101008634794
Back to Basics,0.2,1,5,3.2,0.8,2.6,1.1992154430286321
Llanowar Elves,0.2,2,12,3.3333333333333335,0.6666666666666666,2.1666666666666665,1.6662882548252265
Maelstrom Pulse,0.2,1,2,2.0,1.0,2.5,1.2093108357728373
Magus of the Order,0.2,1,1,5.0,0.0,2.0,1.2810549493948078
Malevolent Rumble,0.2,1,1,2.0,1.0,2.0,1.4475709884444148
Mana Tithe,0.2,1,3,3.0,0.6666666666666666,2.0,1.32539623005799
Ancestral Vision,0.2,1,9,3.2222222222222223,0.6666666666666666,2.888888888888889,1.2019937982499087
March of Otherworldly Light,0.2,1,5,4.2,0.4,2.0,1.2522878406538331
Young Pyromancer,0.2,1,8,3.75,0.5,2.625,1.428792420047417
Memnite,0.2,2,1,5.0,0.0,2.0,1.6636750141410475
Light Up the Stage,0.2,1,1,2.0,1.0,2.0,1.202011096587036
Lightning Helix,0.2,1,5,2.8,0.8,2.2,1.3143583873369822
Koth of the Hammer,0.2,1,3,3.3333333333333335,0.6666666666666666,2.3333333333333335,1.2639734654918562
Arid Mesa,0.2,1,38,3.5,0.5263157894736842,2.263157894736842,1.233164513376337
Wheel of Fortune,0.2,2,3,5.0,0.0,2.3333333333333335,1.5301515951867
Weathered Wayfarer,0.2,1,3,3.0,0.6666666666666666,2.0,1.2058543486144566
Staff of the Storyteller,0.2,1,1,5.0,0.0,2.0,1.3263025572562843
Sundering Eruption,0.2,1,2,5.0,0.0,2.0,1.2493405558255117
Wake Thrasher,0.2,1,1,3.0,1.0,2.0,1.4278252038775419
Mystic Confluence,0.2,1,5,2.8,0.8,3.0,1.2523645292227132
"Karn, Scion of Urza",0.2,1,4,4.25,0.25,2.25,1.2307438439405476
Council's Judgment,0.2,1,9,3.3333333333333335,0.6666666666666666,2.2222222222222223,1.2019841776466316
Surge Engine,0.2,1,1,2.0,1.0,2.0,1.2021197002969448
"Surrak, the Hunt Caller",0.2,1,1,5.0,0.0,2.0,1.2020121012677305
Phantasmal Image,0.2,1,4,3.25,0.75,2.0,1.401565908806019
Dreadbore,0.2,1,4,3.25,0.5,2.5,1.2989085819163693
Vandalblast,0.2,1,1,5.0,0.0,2.0,1.201984334424159
"Uro, Titan of Nature's Wrath",0.2,1,6,2.8333333333333335,0.8333333333333334,2.0,1.2019889750445263
Bloodforged Battle-Axe,0.2,1,1,5.0,0.0,2.0,1.201987777701452
Pain Seer,0.2,1,2,2.5,1.0,2.5,1.2019932051910844
Harrow,0.2,1,1,1.0,1.0,2.0,1.1894789405505777
Hinterland Harbor,0.2,1,3,4.0,0.6666666666666666,2.3333333333333335,1.1982384167115336
Hopeful Initiate,0.2,1,3,2.3333333333333335,1.0,2.0,1.201982926677768
Shivan Reef,0.2,1,5,3.2,0.6,2.8,1.3607619190008748
Concealed Courtyard,0.2,1,7,3.5714285714285716,0.5714285714285714,2.2857142857142856,1.2760153127050295
Hullbreacher,0.2,1,7,3.142857142857143,0.7142857142857143,2.0,1.201984561402056
Soul Partition,0.2,1,1,2.0,1.0,2.0,1.1782851298053436
Vault of Whispers,0.2,2,5,4.4,0.2,2.4,1.546652664056825
Bitter Triumph,0.2,1,3,4.333333333333333,0.3333333333333333,2.0,1.1445888396382626
Necromancy,0.2,1,2,3.0,1.0,2.0,1.3726794654949295
"Narset, Parter of Veils",0.2,1,6,4.666666666666667,0.16666666666666666,2.6666666666666665,1.3881625158936584
"Nissa, Who Shakes the World",0.2,1,2,5.0,0.0,2.5,1.2369407330280533
Nurturing Peatland,0.2,1,9,3.7777777777777777,0.4444444444444444,2.111111111111111,1.164619340935045
Watcher for Tomorrow,0.2,1,2,2.0,1.0,2.0,1.201996663856298
Volcanic Hammer,0.2,1,1,2.0,1.0,2.0,1.1761638668428216
Opposition Agent,0.2,1,11,3.4545454545454546,0.5454545454545454,2.0,1.2019972131595635
Consider,0.2,1,7,3.4285714285714284,0.5714285714285714,2.0,1.2020215237494345
"Jegantha, the Wellspring",0.2,1,1,2.0,1.0,2.0,1.2019923928089973
Joraga Treespeaker,0.2,1,5,2.8,0.8,2.4,1.201988042616964
City of Brass,0.2,1,6,3.1666666666666665,0.6666666666666666,2.1666666666666665,1.3392713226036401
Tectonic Edge,0.2,1,5,3.4,0.6,2.2,1.1634749630365824
Ugin's Labyrinth,0.2,1,1,5.0,0.0,2.0,1.201986108703238
Prismatic Ending,0.2,1,15,3.533333333333333,0.4666666666666667,2.0,1.2019849527908741
Grafdigger's Cage,0.2,1,4,4.25,0.25,2.25,1.4514537530195935
Sylvan Safekeeper,0.2,1,1,5.0,0.0,2.0,1.2140250249921736
Grim Haruspex,0.2,1,1,5.0,0.0,2.0,1.2019844374747564
Great Furnace,0.2,2,5,5.0,0.0,2.2,1.558417893428632
Grove of the Burnwillows,0.2,2,2,3.0,0.5,2.5,1.5441831177692897
Shatterskull Smashing,0.2,1,2,4.0,0.5,2.0,1.2458933852243508
"Comet, Stellar Pup",0.2,1,7,3.7142857142857144,0.42857142857142855,2.0,1.1750745392691255
Ulvenwald Oddity,0.2,1,2,4.0,0.5,2.0,1.2458933852243508
Phyrexian Metamorph,0.2,1,3,3.6666666666666665,0.3333333333333333,2.3333333333333335,1.3283612602876256
Verdant Catacombs,0.2,1,43,3.5348837209302326,0.5348837209302325,2.2325581395348837,1.2193061260264118
Phyrexian Dragon Engine,0.2,1,5,4.0,0.4,2.0,1.2019867238715067
Gutterbones,0.2,1,1,5.0,0.0,2.0,1.4253508400421582
Cosmic Rebirth,0.2,1,1,1.0,1.0,2.0,1.2700833131229239
Persist,0.2,1,1,5.0,0.0,2.0,1.2846334004411493
Paradise Druid,0.2,2,3,3.6666666666666665,0.3333333333333333,2.0,1.659101422427528
"Urborg, Tomb of Yawgmoth",0.2,1,12,4.0,0.3333333333333333,2.4166666666666665,1.2422297941315794
Chaos Warp,0.2,1,1,3.0,1.0,2.0,1.2516665151417437
Tenacious Underdog,0.2,1,1,5.0,0.0,2.0,1.2020056265092216
Terminate,0.2,1,3,2.6666666666666665,0.6666666666666666,2.3333333333333335,1.216406446348084
Everflowing Chalice,0.2,1,2,5.0,0.0,2.5,1.202020362166433
Gitaxian Probe,0.2,1,21,3.5238095238095237,0.5238095238095238,2.3333333333333335,1.2501133845499648
Ram Through,0.2,1,1,5.0,0.0,2.0,1.3709829120444952
Brought Back,0.2,1,2,2.0,1.0,2.0,1.3061667658508953
Seasoned Dungeoneer,0.2,1,15,3.4,0.5333333333333333,2.0,1.201983878854762
Portal to Phyrexia,0.2,1,2,4.0,0.5,2.0,1.1798554598739188
Breeding Pool,0.2,1,12,3.6666666666666665,0.5833333333333334,2.0833333333333335,1.2475076738561262
Glen Elendra Archmage,0.2,1,1,4.0,1.0,2.0,1.2016772994719915
Gloomlake Verge,0.2,1,3,1.6666666666666667,1.0,2.0,1.370953384199078
Thundering Falls,0.2,1,4,2.5,0.75,2.0,1.2020578962842126
Reclamation Sage,0.2,1,5,3.2,0.8,2.4,1.305100618624258
Frostburn Weird,0.2,1,1,3.0,1.0,2.0,1.4086470149160555
Forsaken Monument,0.2,1,1,5.0,0.0,2.0,1.4373438964426004
Forbidden Alchemy,0.2,1,2,5.0,0.0,3.0,1.201985082387953
Fury,0.2,1,14,3.4285714285714284,0.5714285714285714,2.0,1.2019846684436992
Razorgrass Ambush,0.2,1,2,4.0,0.5,2.0,1.2458933852243508
Recruiter of the Guard,0.2,1,10,3.1,0.7,2.2,1.3086371872058868
Etched Champion,0.2,1,4,4.25,0.25,2.25,1.2019956642793208
Force of Vigor,0.2,1,1,5.0,0.0,2.0,1.3411839675833916
Thing in the Ice,0.2,1,3,3.6666666666666665,0.6666666666666666,3.0,1.2538318361569343
Tombstalker,0.2,1,3,3.6666666666666665,0.3333333333333333,2.6666666666666665,1.200774437682129
Explosive Vegetation,0.2,1,1,1.0,1.0,2.0,1.216175364686176
Field of Ruin,0.2,1,5,3.0,0.8,2.6,1.1288123572068176
Fellwar Stone,0.2,2,2,5.0,0.0,2.5,1.716324058940636
Farseek,0.2,1,1,1.0,1.0,2.0,1.3870763313852015
Fiery Confluence,0.2,1,8,3.0,0.75,2.625,1.3240829698551098
Fire Covenant,0.2,1,2,1.5,1.0,2.5,1.160190320826469
Flagstones of Trokair,0.2,1,5,3.4,0.6,2.0,1.3423981798242106
Flame of Anor,0.2,1,2,2.0,1.0,2.0,1.3063411556953888
Windfall,0.2,1,1,5.0,0.0,2.0,1.4680479082157734
The Blackstaff of Waterdeep,0.2,2,1,2.0,1.0,2.0,1.5008459355852568
The Reality Chip,0.2,1,2,3.5,0.5,2.0,1.20198439669685
The Mightstone and Weakstone,0.2,1,1,5.0,0.0,2.0,1.4297645891590314
Sunbaked Canyon,0.2,1,11,3.272727272727273,0.6363636363636364,2.1818181818181817,1.1683141631714988
Marsh Flats,0.2,1,37,3.6216216216216215,0.4864864864864865,2.2162162162162162,1.235621712220284
"Yavimaya, Cradle of Growth",0.2,1,7,4.428571428571429,0.14285714285714285,2.0,1.3316352781145884
Wooded Foothills,0.2,1,43,3.3488372093023258,0.5813953488372093,2.2325581395348837,1.2046145347521175
Archivist of Oghma,0.2,1,2,2.0,1.0,2.0,1.20198652418066
Lose Focus,0.2,1,4,4.5,0.25,2.0,1.2019843528015435
Abiding Grace,0.2,1,1,5.0,0.0,2.0,1.4116879779590925
"Xenagos, the Reveler",0.2,1,3,1.6666666666666667,1.0,2.3333333333333335,1.2922692680090966
Archangel Avacyn,0.1,1,1,3.0,1.0,2.0,1.2308097918924688
Lovestruck Beast,0.1,1,1,5.0,0.0,2.0,1.2496802241866922
Maddening Hex,0.1,1,2,5.0,0.0,2.0,1.2019869979032975
Meekstone,0.1,1,1,5.0,0.0,3.0,1.4488419051135089
"Yahenni, Undying Partisan",0.1,1,1,5.0,0.0,2.0,1.201987316424262
Abrade,0.1,1,16,2.9375,0.6875,2.4375,1.2686407765179712
Accursed Marauder,0.1,1,1,5.0,0.0,2.0,1.3388461079996483
Adanto Vanguard,0.1,1,2,2.0,1.0,2.0,1.2333116956162604
Adarkar Wastes,0.1,1,1,2.0,1.0,2.0,1.2523217821052086
"Adeline, Resplendent Cathar",0.1,1,5,3.0,0.8,2.0,1.2019843943436312
Wrath of God,0.1,1,2,4.0,0.5,2.0,1.26243492504341
Wurmcoil Engine,0.1,1,4,4.0,0.5,2.5,1.2019843486480737
Dark Ritual,0.1,2,1,3.0,1.0,2.0,1.824024809196452
Darkbore Pathway,0.1,1,1,5.0,0.0,2.0,1.2496802241866922
Mayor of Avabruck,0.1,1,1,3.0,1.0,2.0,1.2308097918924688
Conduit of Worlds,0.1,2,1,5.0,0.0,2.0,1.5607467633204113
"Deadpool, Trading Card",0.1,1,2,3.0,0.5,2.0,1.2555157524434035
Daze,0.1,1,13,3.1538461538461537,0.6923076923076923,2.1538461538461537,1.1647631838947838
Day of Judgment,0.1,1,1,3.0,1.0,3.0,1.22664458498577
Dauthi Voidwalker,0.1,1,8,4.25,0.25,2.0,1.2020325413276587
Dauntless Bodyguard,0.1,1,3,2.6666666666666665,1.0,2.3333333333333335,1.255837690787092
Darksteel Citadel,0.1,1,5,4.4,0.2,2.0,1.1702262717653427
Darkslick Shores,0.1,1,7,3.2857142857142856,0.5714285714285714,2.2857142857142856,1.3612983801798504
Magmatic Sinkhole,0.1,1,2,4.0,0.5,3.0,1.1546135592114284
Lorescale Coatl,0.1,1,1,3.0,1.0,2.0,1.3868790158422777
Zuran Orb,0.1,1,2,4.0,0.5,2.0,1.4047269249327852
Zulaport Cutthroat,0.1,1,1,5.0,0.0,2.0,1.4066246184675555
Zendikar Incarnate,0.1,1,1,1.0,1.0,2.0,1.3663826739497034
Lightning Strike,0.1,1,3,2.6666666666666665,0.6666666666666666,2.3333333333333335,1.3052630786436439
Metamorphosis Fanatic,0.1,1,3,3.3333333333333335,0.6666666666666666,2.0,1.2019843543126438
Mental Note,0.1,1,5,4.0,0.4,2.0,1.2019850249746495
Sacred Foundry,0.1,1,12,3.25,0.5833333333333334,2.0833333333333335,1.2674844446735127
"Ruric Thar, the Unbowed",0.1,1,3,1.6666666666666667,1.0,2.3333333333333335,1.2019842346811596
Ruin Raider,0.1,1,1,2.0,1.0,2.0,1.2019833080430196
Fiend Artisan,0.1,1,2,2.0,1.0,2.0,1.210518341729102
Fatal Push,0.1,1,20,3.65,0.45,2.3,1.2019831987107634
Fall from Favor,0.1,1,1,5.0,0.0,2.0,1.2019846273116288
Extraction Specialist,0.1,1,2,2.5,1.0,2.0,1.2019844852003554
Scavenging Ooze,0.1,1,22,3.4545454545454546,0.5909090909090909,2.1363636363636362,1.4208401944907627
Sail into the West,0.1,1,1,5.0,0.0,2.0,1.2019844781246953
Flames of the Blood Hand,0.1,1,2,3.5,0.5,2.5,1.3584285851734474
Flamekin Harbinger,0.1,1,1,2.0,1.0,2.0,1.4470951341215696
Flame Slash,0.1,1,11,3.090909090909091,0.7272727272727273,2.1818181818181817,1.286215981894802
Restore,0.1,1,1,1.0,1.0,3.0,1.3003722552879469
Rest in Peace,0.1,1,1,5.0,0.0,2.0,1.4970010580229476
Regal Force,0.1,1,1,1.0,1.0,2.0,1.2497617005292287
Figure of Destiny,0.1,1,3,3.3333333333333335,0.6666666666666666,2.3333333333333335,1.1714223215812327
"Garland, Knight of Cornelia",0.1,1,1,5.0,0.0,2.0,1.2496802241866922
Future Sight,0.1,1,2,2.5,1.0,2.5,1.442890028673115
Rattleclaw Mystic,0.1,1,1,3.0,1.0,3.0,1.2019843638164336
Reflector Mage,0.1,1,3,2.6666666666666665,1.0,2.6666666666666665,1.3329086239290318
Reflecting Pool,0.1,2,4,3.0,0.75,2.5,1.5328091860369446
Recurring Nightmare,0.1,1,2,4.0,0.5,2.0,1.3794073278854204
Reconstruction,0.1,1,1,5.0,0.0,3.0,1.2843633705992308
Forked Bolt,0.1,1,13,3.1538461538461537,0.6923076923076923,2.3846153846153846,1.3189140914236777
Forbid,0.1,1,2,2.5,1.0,3.0,1.2019829698347042
Castle Ardenvale,0.1,1,4,3.0,0.75,2.0,1.3819150297147713
Cast into the Fire,0.1,1,1,5.0,0.0,2.0,1.3232812585327747
Cascade Bluffs,0.1,2,6,3.5,0.5,3.0,1.5314508814862267
Throne of the High City,0.1,1,1,3.0,1.0,2.0,1.3819448584443284
Thran Spider,0.1,1,1,5.0,0.0,2.0,1.2020180812327839
Thought Erasure,0.1,1,2,3.0,0.5,3.0,1.2020369159398012
"Saheeli, Sublime Artificer",0.1,1,2,5.0,0.0,2.0,1.2637794345318891
Buried Ruin,0.1,1,2,5.0,0.0,2.5,1.2924249221643196
Bring to Light,0.1,1,3,5.0,0.0,2.3333333333333335,1.2019846946779567
"Toby, Beastie Befriender",0.1,1,1,5.0,0.0,2.0,1.1986648287257988
Tersa Lightshatter,0.1,1,1,2.0,1.0,2.0,1.2019884058365535
Temporal Mastery,0.1,1,1,3.0,1.0,2.0,1.2019898990034763
Char,0.1,1,2,3.5,0.5,2.5,1.244285106860433
Channel,0.1,1,1,5.0,0.0,2.0,1.1535579028751513
Chain Lightning,0.1,1,16,2.875,0.75,2.3125,1.33547730271271
Temple of the False God,0.1,1,1,1.0,1.0,2.0,1.4336605326839438
Temple of Epiphany,0.1,1,2,2.0,1.0,3.0,1.2020022345242043
Temple of Abandon,0.1,1,1,1.0,1.0,2.0,1.2020000258887933
Temple Garden,0.1,1,10,3.0,0.7,2.0,1.2638204007814178
Evasive Action,0.1,1,2,2.0,1.0,2.0,1.201988402082819
Tireless Tracker,0.1,1,5,3.4,0.4,2.2,1.2019820909726449
Treasure Mage,0.1,2,1,5.0,0.0,2.0,1.568668496670524
Force of Negation,0.1,1,14,3.4285714285714284,0.5714285714285714,2.357142857142857,1.2582945356363717
Putrid Leech,0.1,1,1,5.0,0.0,2.0,1.386506020875742
Pulse of the Forge,0.1,1,1,2.0,1.0,2.0,1.3694443194541386
Progenitor Mimic,0.1,1,1,5.0,0.0,3.0,1.3358219089890138
Rancor,0.1,1,3,4.333333333333333,0.3333333333333333,2.0,1.2019847601042188
Ramunap Ruins,0.1,1,1,5.0,0.0,3.0,1.2214181034193126
Ral Zarek,0.1,1,1,5.0,0.0,3.0,1.3678598537739233
Ghost Quarter,0.1,1,2,4.0,0.5,2.5,1.1774962397663695
Gerrard's Verdict,0.1,1,2,2.5,1.0,2.0,1.26896362354432
Genesis Hydra,0.1,1,1,1.0,1.0,2.0,1.363883005784695
"Ragavan, Nimble Pilferer",0.1,1,17,3.3529411764705883,0.5882352941176471,2.0,1.201984688825868
Quirion Ranger,0.1,1,3,3.0,0.6666666666666666,2.6666666666666665,1.158513602813343
Questing Druid,0.1,1,1,5.0,0.0,2.0,1.2496802241866922
Questing Beast,0.1,1,11,3.727272727272727,0.45454545454545453,2.0,1.2019844113274496
Tooth and Nail,0.1,1,3,3.0,0.6666666666666666,2.6666666666666665,1.2019840714759578
By Force,0.1,1,1,2.0,1.0,2.0,1.2396735597233732
Burst Lightning,0.1,1,8,2.75,0.75,2.75,1.2020106575755263
Goblin Welder,0.1,1,2,4.0,0.5,2.0,1.3255079720841865
Price of Freedom,0.1,1,1,5.0,0.0,2.0,1.2166048485593588
Pre-War Formalwear,0.1,1,3,3.3333333333333335,0.6666666666666666,2.0,1.2019894439470844
Queen Marchesa,0.1,1,2,3.5,0.5,2.0,1.201987362848388
Brightclimb Pathway,0.1,1,1,5.0,0.0,2.0,1.2496802241866922
Brave the Elements,0.1,1,1,3.0,1.0,2.0,1.2197465017755134
Bramble Familiar,0.1,1,1,5.0,0.0,2.0,1.2496802241866922
Botanical Sanctum,0.1,1,8,3.375,0.625,2.125,1.3383298274773507
Traverse the Ulvenwald,0.1,1,3,5.0,0.0,2.0,1.2019813814248321
"Tourach, Dread Cantor",0.1,1,1,5.0,0.0,2.0,1.201990275698878
Torrential Gearhulk,0.1,1,6,3.1666666666666665,0.6666666666666666,3.0,1.201994721810687
Qasali Pridemage,0.1,1,2,3.0,0.5,2.0,1.2019860682234151
Pyrokinesis,0.1,1,3,4.333333333333333,0.3333333333333333,2.0,1.2361189503268468
Pyrogoyf,0.1,1,4,3.0,0.5,2.0,1.3377861932275863
Gideon of the Trials,0.1,1,2,4.0,0.5,2.5,1.3865326959464013
Pyrite Spellbomb,0.1,1,3,4.333333333333333,0.3333333333333333,2.0,1.4897968191394615
Boggart Trawler,0.1,1,1,5.0,0.0,2.0,1.2496802241866922
Tribute Mage,0.1,2,1,5.0,0.0,3.0,1.570792769840671
Treasure Vault,0.1,1,3,4.0,0.3333333333333333,2.0,1.2019841528902497
"Eomer, King of Rohan",0.1,1,1,5.0,0.0,2.0,1.2496802241866922
Ensnaring Bridge,0.1,1,2,5.0,0.0,2.5,1.4345885650318664
"Teferi, Hero of Dominaria",0.1,1,1,3.0,1.0,2.0,1.2366412191460707
Tattermunge Maniac,0.1,1,2,3.5,0.5,2.5,1.316700351672698
Cling to Dust,0.1,1,2,1.0,1.0,2.0,1.2019964152929157
Clifftop Retreat,0.1,1,4,3.5,0.5,2.25,1.286206614511743
Chief of the Foundry,0.1,1,2,3.5,0.5,2.0,1.3644363802274058
"Emry, Lurker of the Loch",0.1,1,3,4.0,0.3333333333333333,2.0,1.2019843139541122
Ember Hauler,0.1,1,1,2.0,1.0,2.0,1.1462228126451548
Elvish Visionary,0.1,1,1,1.0,1.0,2.0,1.3209916667064527
Primordial Mist,0.1,1,1,3.0,1.0,3.0,1.2019988216114375
Primal Command,0.1,1,3,2.6666666666666665,1.0,2.0,1.3247336899012212
Godless Shrine,0.1,1,8,3.5,0.625,2.25,1.2665888124904183
Talon Gates of Madara,0.1,1,1,5.0,0.0,2.0,1.4207665388908537
Talisman of Unity,0.1,2,2,4.0,0.5,2.0,1.984109351092351
Talisman of Resilience,0.1,2,1,5.0,0.0,2.0,2.011328074251344
"Syr Ginger, the Meal Ender",0.1,1,1,2.0,1.0,2.0,1.201978679618759
Shambling Vent,0.1,1,3,3.6666666666666665,0.6666666666666666,2.6666666666666665,1.273771588686323
Shadow Summoning,0.1,1,1,5.0,0.0,2.0,1.2601994103277903
"Elspeth, Sun's Champion",0.1,1,2,3.0,1.0,2.5,1.3251468582310224
"Elspeth, Knight-Errant",0.1,1,2,4.0,0.5,2.5,1.2050577241360396
Elite Spellbinder,0.1,1,3,2.6666666666666665,1.0,2.0,1.179337492018395
Portable Hole,0.1,1,4,4.25,0.25,2.0,1.268218470168345
Porcelain Legionnaire,0.1,1,3,3.0,0.6666666666666666,2.3333333333333335,1.201987432694638
Poppet Stitcher,0.1,1,1,5.0,0.0,2.0,1.2496802241866922
Polluted Delta,0.1,1,42,3.5952380952380953,0.5238095238095238,2.3095238095238093,1.2272958919554868
Greedy Freebooter,0.1,1,1,5.0,0.0,2.0,1.2019848824168125
Grafted Wargear,0.1,1,1,5.0,0.0,2.0,1.201989679251796
Boros Charm,0.1,1,1,2.0,1.0,2.0,1.2639646061880885
Passageway Seer,0.1,1,1,5.0,0.0,2.0,1.2019843587088022
Parasitic Strix,0.1,1,1,3.0,1.0,2.0,1.1711641921866598
Paradise Mantle,0.1,1,1,5.0,0.0,2.0,1.2019921129145612
Phyrexian Walker,0.1,2,1,5.0,0.0,2.0,1.5963383083659366
Blue Elemental Blast,0.1,1,3,3.0,0.6666666666666666,2.0,1.1538866988631657
Bloodsoaked Champion,0.1,1,3,3.3333333333333335,0.6666666666666666,2.3333333333333335,1.2019918865091814
Blood Crypt,0.1,1,6,3.1666666666666665,0.5,2.5,1.2712179421755014
Undercity Sewers,0.1,1,4,2.0,1.0,2.0,1.2020551056288455
Umezawa's Jitte,0.1,1,13,3.6153846153846154,0.5384615384615384,2.3076923076923075,1.2019866501433234
Phyrexian Revoker,0.1,1,4,4.25,0.25,2.25,1.338715033277812
Phyrexian Arena,0.1,2,2,3.0,1.0,2.0,1.6131641855912335
"Phlage, Titan of Fire's Fury",0.1,1,1,1.0,1.0,2.0,1.2019846518766508
Gurmag Angler,0.1,1,1,5.0,0.0,2.0,1.1587317813003162
"Grist, the Hunger Tide",0.1,1,8,4.375,0.25,2.0,1.2019841150321875
Colossus Hammer,0.1,1,1,5.0,0.0,2.0,1.2019908429950625
Coiling Oracle,0.1,1,3,2.6666666666666665,1.0,2.0,1.3495700310006407
Overgrown Tomb,0.1,1,10,3.7,0.5,2.1,1.2657442520554696
Hazoret the Fervent,0.1,1,3,3.0,0.6666666666666666,2.3333333333333335,1.2019897736035672
Harsh Mentor,0.1,1,2,3.5,0.5,2.5,1.4078037806659691
"Elesh Norn, Mother of Machines",0.1,1,2,2.0,1.0,2.0,1.201984434529883
Eldritch Evolution,0.1,1,12,3.1666666666666665,0.6666666666666666,2.1666666666666665,1.229381686724727
Sevinne's Reclamation,0.1,1,3,5.0,0.0,2.0,1.2019846819748004
Settle the Wreckage,0.1,1,2,3.0,1.0,2.5,1.2153284654936036
Serum Visions,0.1,1,9,3.0,0.6666666666666666,2.6666666666666665,1.2020088027542777
Simic Charm,0.1,1,2,2.5,1.0,2.0,1.340324716307509
Sylvan Caryatid,0.1,1,9,2.7777777777777777,0.7777777777777778,2.111111111111111,1.2020067524186493
Surge of Salvation,0.1,1,1,1.0,1.0,2.0,1.2765802795160743
Superior Spider-Man,0.1,1,1,3.0,1.0,2.0,1.3249942744470307
Corpse Knight,0.1,1,1,5.0,0.0,2.0,1.3558044234071651
Cori-Steel Cutter,0.1,1,4,2.75,0.75,2.0,1.201985627360571
Pernicious Deed,0.1,1,2,4.0,0.5,2.0,1.382875809523044
Peek,0.1,1,1,5.0,0.0,3.0,1.330493496132371
Hymn to Tourach,0.1,1,9,3.3333333333333335,0.5555555555555556,2.5555555555555554,1.2523268537180419
Hydroblast,0.1,1,4,3.0,0.75,2.0,1.1882277540218582
Hull Breach,0.1,1,1,5.0,0.0,3.0,1.338072325211844
Blinkmoth Nexus,0.1,1,1,5.0,0.0,2.0,1.192940913583239
Blink of an Eye,0.1,1,3,4.0,0.3333333333333333,3.0,1.2019816745957086
Birthing Ritual,0.1,1,1,2.0,1.0,2.0,1.2358243174662633
Birds of Paradise,0.1,1,21,3.1904761904761907,0.6666666666666666,2.0952380952380953,1.1815827380343136
Valakut Exploration,0.1,1,1,5.0,0.0,2.0,1.2020079523300562
Urza's Workshop,0.1,1,1,5.0,0.0,2.0,1.201991187589456
Beseech the Mirror,0.1,1,1,5.0,0.0,2.0,1.2020210213095355
Horizon Canopy,0.1,1,14,3.2857142857142856,0.6428571428571429,2.2142857142857144,1.1863400005898674
Hope of Ghirapur,0.1,1,1,2.0,1.0,2.0,1.1744259962554762
Hooting Mandrills,0.1,1,1,5.0,0.0,2.0,1.20197810338284
High Noon,0.1,1,1,5.0,0.0,2.0,1.4232734635205482
Hieroglyphic Illumination,0.1,1,1,3.0,1.0,3.0,1.2020235746936343
Hero's Downfall,0.1,1,3,2.3333333333333335,1.0,2.3333333333333335,1.1797514163661746
Vindicate,0.1,1,3,3.3333333333333335,0.6666666666666666,2.3333333333333335,1.1968332012303158
Orzhov Signet,0.1,2,1,3.0,1.0,2.0,2.034918999747661
Ornithopter,0.1,1,3,4.0,0.3333333333333333,2.0,1.1807495085324133
Copperline Gorge,0.1,1,6,2.6666666666666665,0.8333333333333334,2.0,1.3845139796850396
Consign to Memory,0.1,1,4,3.0,0.75,2.0,1.2019843460517725
Echo of Eons,0.1,1,1,5.0,0.0,2.0,1.2019847235895118
Dryad Militant,0.1,1,4,3.75,0.5,2.25,1.3897528470557838
Silverblade Paladin,0.1,1,2,4.0,0.5,3.0,1.2019844262032908
Sigarda's Aid,0.1,1,1,5.0,0.0,2.0,1.374588283983044
Shriekmaw,0.1,1,2,4.0,0.5,2.0,1.2019845404310685
Shifting Woodland,0.1,1,1,5.0,0.0,2.0,1.2019823824814526
Soul of Windgrace,0.1,1,1,5.0,0.0,2.0,1.2690954500084854
Dread Wanderer,0.1,1,2,3.5,0.5,2.0,1.1860090779158514
Imperial Recruiter,0.1,1,3,3.6666666666666665,0.6666666666666666,2.0,1.2820041394493946
Imodane's Recruiter,0.1,1,1,5.0,0.0,2.0,1.2496802241866922
Ice-Fang Coatl,0.1,1,3,2.0,1.0,2.0,1.2019073882175464
"Jor Kadeen, First Goldwarden",0.1,1,1,5.0,0.0,2.0,1.2020075637492849
Isolated Chapel,0.1,1,4,3.25,0.75,2.5,1.2939769840147526
Needleverge Pathway,0.1,1,1,5.0,0.0,2.0,1.2496802241866922
Nature's Lore,0.1,1,2,2.0,1.0,2.5,1.3125883008467432
"Oko, Thief of Crowns",0.1,1,10,3.7,0.5,2.0,1.201985879159562
Into the Roil,0.1,1,4,4.25,0.25,3.0,1.202000438558748
Inquisition of Kozilek,0.1,1,20,3.75,0.45,2.3,1.308681682727776
Incinerate,0.1,1,4,2.75,0.75,2.5,1.2861406588988218
"Nissa, Worldwaker",0.1,1,2,2.0,1.0,2.0,1.1901109796803389
Nighthawk Scavenger,0.1,1,1,5.0,0.0,2.0,1.2019853992396137
Beast Whisperer,0.1,1,1,3.0,1.0,2.0,1.4337025294033392
Battlefield Forge,0.1,1,4,3.25,0.5,2.0,1.3884135079641862
"Baral, Chief of Compliance",0.1,1,2,3.0,0.5,3.0,1.2128340735951055
Volrath's Stronghold,0.1,1,1,3.0,1.0,2.0,1.2636990918171342
Viscera Seer,0.1,1,1,5.0,0.0,2.0,1.2020069751904283
Virtue of Persistence,0.1,1,1,5.0,0.0,2.0,1.2496802241866922
Journey to Nowhere,0.1,1,2,3.0,1.0,3.0,1.3707526230647296
Murderous Rider,0.1,1,1,5.0,0.0,2.0,1.2496802241866922
Nettlecyst,0.1,1,4,4.25,0.25,2.0,1.2019847497236054
Dread Fugue,0.1,1,1,5.0,0.0,2.0,1.2020044461467683
Doom Blade,0.1,1,1,3.0,1.0,2.0,1.2933150328782554
Snuff Out,0.1,1,2,5.0,0.0,2.0,1.1352148807680897
Snapcaster Mage,0.1,1,16,3.3125,0.625,2.5,1.201998637973172
Skullcrack,0.1,1,2,3.5,0.5,2.5,1.3619874328165094
Skeletal Scrying,0.1,1,1,3.0,1.0,2.0,1.42219159163563
Condescend,0.1,1,6,3.5,0.6666666666666666,2.8333333333333335,1.2019930513845563
Crime/Punishment,0.1,1,1,3.0,1.0,2.0,1.2308097918924688
Creeping Tar Pit,0.1,1,3,5.0,0.0,3.0,1.3593232814800462
Crackling Drake,0.1,1,1,3.0,1.0,3.0,1.1668939710797401
Sunken Ruins,0.1,2,5,4.2,0.2,3.0,1.5342590257112607
Sunforger,0.1,1,1,5.0,0.0,2.0,1.201989159898567
Sundering Titan,0.1,1,2,5.0,0.0,2.5,1.2268717248816003
"Baird, Argivian Recruiter",0.1,1,1,5.0,0.0,2.0,1.2935782186794365
Aven Mindcensor,0.1,1,12,3.0,0.6666666666666666,2.1666666666666665,1.2019468115960192
Dig Up,0.1,1,1,5.0,0.0,2.0,1.2020067328297905
Sowing Mycospawn,0.1,1,1,5.0,0.0,2.0,1.2019870620583197
Soul-Scar Mage,0.1,1,2,3.5,0.5,3.0,1.2019856377102724
Deserted Temple,0.1,1,1,5.0,0.0,2.0,1.260000771161067
Delighted Halfling,0.1,2,7,4.285714285714286,0.2857142857142857,2.0,1.5046608577114282
Steel Seraph,0.1,1,1,2.0,1.0,2.0,1.2019823927220181
Walk-In Closet/Forgotten Cellar,0.1,1,1,3.0,1.0,2.0,1.2308097918924688
"Atraxa, Grand Unifier",0.1,1,3,3.3333333333333335,0.6666666666666666,2.0,1.2019841935616038
"Karn, Legacy Reforged",0.1,2,1,2.0,1.0,2.0,1.55528549604092
Karmic Guide,0.1,1,2,3.0,0.5,2.0,1.2019836878936414
Kargan Dragonlord,0.1,1,1,2.0,1.0,2.0,1.201987737398246
"Kambal, Consul of Allocation",0.1,1,2,3.5,0.5,2.5,1.4355914976910458
Kaldra Compleat,0.1,1,5,3.4,0.6,2.0,1.2019684388117189
"Kaito, Bane of Nightmares",0.1,1,1,1.0,1.0,2.0,1.2019873542597805
Knight of the Ebon Legion,0.1,1,1,5.0,0.0,2.0,1.367973355069052
Knight of Autumn,0.1,1,7,2.857142857142857,0.7142857142857143,2.0,1.2779012995172525
Kitchen Finks,0.1,1,8,3.375,0.75,2.5,1.2019845615746951
Kiora's Follower,0.1,1,1,5.0,0.0,3.0,1.3293770475319535
Muddle the Mixture,0.1,1,2,5.0,0.0,3.0,1.2019846260532854
Mox Amber,0.1,2,1,5.0,0.0,2.0,1.6497868046675381
Mosswood Dreadknight,0.1,1,1,5.0,0.0,2.0,1.2496802241866922
Kessig Wolf Run,0.1,1,3,1.6666666666666667,1.0,2.3333333333333335,1.3264041181568822
Kessig Prowler,0.1,1,1,5.0,0.0,2.0,1.2496802241866922
"Keranos, God of Storms",0.1,1,2,5.0,0.0,3.0,1.1717248206975104
"Kellan, the Fae-Blooded",0.1,1,1,5.0,0.0,2.0,1.2496802241866922
Keldon Marauders,0.1,1,1,2.0,1.0,2.0,1.201985213725736
Kazandu Mammoth,0.1,1,1,5.0,0.0,2.0,1.2496802241866922
Misty Rainforest,0.1,1,42,3.5238095238095237,0.5476190476190477,2.261904761904762,1.2168441367605685
Mystical Teachings,0.1,1,1,5.0,0.0,3.0,1.2019847737054117
Baleful Strix,0.1,1,10,3.4,0.5,2.5,1.201964064371981
Steam Vents,0.1,1,15,3.2,0.6,2.466666666666667,1.2505032740882476
"Squee, Dubious Monarch",0.1,1,5,3.0,0.8,2.0,1.2019880123029927
Springleaf Drum,0.1,2,1,5.0,0.0,2.0,1.6568451546554959
Spring-Leaf Avenger,0.1,1,1,5.0,0.0,2.0,1.201984143560072
Spore Frog,0.1,1,1,5.0,0.0,2.0,1.474575910052204
Spirebluff Canal,0.1,1,7,3.2857142857142856,0.5714285714285714,2.4285714285714284,1.3436560797084618
Stomping Ground,0.1,1,15,3.2666666666666666,0.6,2.1333333333333333,1.2672425008955557
Sulfur Falls,0.1,1,7,3.7142857142857144,0.42857142857142855,2.857142857142857,1.2691832322529135
Cursed Totem,0.1,1,2,4.0,0.5,2.0,1.4724680823103142
Cult Conscript,0.1,1,1,5.0,0.0,2.0,1.32000033369835
Student of Warfare,0.1,1,3,2.3333333333333335,1.0,2.3333333333333335,1.2019849563796474
Misdirection,0.1,1,1,3.0,1.0,2.0,1.2938234902994246
Miscalculation,0.1,1,10,3.7,0.5,2.6,1.2019963866390628
Kodama's Reach,0.1,1,1,1.0,1.0,2.0,1.4113589438519087
Knight of the White Orchid,0.1,1,1,3.0,1.0,3.0,1.2019817889836606
Knight of the Reliquary,0.1,1,1,5.0,0.0,2.0,1.263387456654469
Lightning Angel,0.1,1,1,2.0,1.0,3.0,1.2019842028786099
Life/Death,0.1,1,1,3.0,1.0,2.0,1.2308097918924688
Leonin Arbiter,0.1,1,4,3.0,0.75,2.25,1.258294080717048
Mental Misstep,0.1,1,17,3.5294117647058822,0.5882352941176471,2.235294117647059,1.1374142497650774
Memory Jar,0.1,2,2,5.0,0.0,2.5,1.5737369651559876
"Lavinia, Azorius Renegade",0.1,1,1,5.0,0.0,2.0,1.2729868952445218
Lat-Nam's Legacy,0.1,1,2,4.0,0.5,3.0,1.324067063838455
Kozilek's Predator,0.1,1,3,2.6666666666666665,1.0,2.3333333333333335,1.3272829918605262
Mindslaver,0.1,2,1,5.0,0.0,3.0,1.6055183989860145
Mission Briefing,0.1,1,4,3.75,0.5,3.0,1.2020748353711221
Assassin's Trophy,0.1,1,6,4.0,0.3333333333333333,2.1666666666666665,1.2462209504602253
"Ashiok, Dream Render",0.1,1,5,3.4,0.6,2.2,1.2019850049563119
Armageddon,0.1,1,2,4.0,0.5,3.0,1.1376528004703486
Westvale Abbey,0.1,1,2,3.5,1.0,2.5,1.2410490133224836
Wedding Announcement,0.1,1,1,5.0,0.0,2.0,1.2496802241866922
Watery Grave,0.1,1,10,3.4,0.5,2.5,1.24834853814266
Maze of Ith,0.1,1,4,4.0,0.5,2.0,1.2584500755155275
Archaeomancer,0.1,1,1,5.0,0.0,3.0,1.3795961371728982
Arbor Elf,0.1,1,7,3.2857142857142856,0.5714285714285714,2.2857142857142856,1.4548272204466994
Magus of the Moon,0.1,1,10,3.2,0.7,2.4,1.278238587529306
Witching Well,0.1,1,1,5.0,0.0,2.0,1.2020032740787028
Windswept Heath,0.1,1,39,3.41025641025641,0.5897435897435898,2.1794871794871793,1.204875522004685
All Is Dust,0.1,1,1,5.0,0.0,2.0,1.2593097236870978
"Akiri, Fearless Voyager",0.1,1,1,5.0,0.0,2.0,1.3343373819697064
Agadeem's Awakening,0.1,1,1,5.0,0.0,2.0,1.2496802241866922
Malakir Rebirth,0.1,1,1,5.0,0.0,2.0,1.2496802241866922
Marsh Casualties,0.1,1,1,5.0,0.0,3.0,1.2019821717364676
"Lord Skitter, Sewer King",0.1,1,1,5.0,0.0,2.0,1.1488238146669825
Logic Knot,0.1,1,7,3.5714285714285716,0.5714285714285714,2.857142857142857,1.155334299376723
Lodestone Golem,0.1,1,3,5.0,0.0,2.3333333333333335,1.381599237734504
"Liliana, the Last Hope",0.1,1,4,2.5,0.75,2.75,1.2019843492234132
Stoneforge Mystic,0.1,1,13,3.3846153846153846,0.6153846153846154,2.3076923076923075,1.2640297663715265
Fierce Empath,0.1,1,3,3.0,0.6666666666666666,2.6666666666666665,1.364882101547437
Rite of Flame,0.1,2,1,2.0,1.0,2.0,1.6079970154009027
Rip Apart,0.1,1,2,4.0,0.5,2.0,1.2540466166039457
Riddlesmith,0.1,1,1,5.0,0.0,3.0,1.4678405096264457
Rhystic Lightning,0.1,1,1,2.0,1.0,2.0,1.3488294181234248
"Sai, Master Thopterist",0.1,1,3,5.0,0.0,2.3333333333333335,1.408268841460986
The Antiquities War,0.1,1,1,5.0,0.0,2.0,1.3905104474960832
Castle Locthwain,0.1,1,2,5.0,0.0,2.0,1.4276330216910207
Castle Garenbrig,0.1,1,1,5.0,0.0,2.0,1.318861020478218
Castle Embereth,0.1,1,2,2.5,1.0,2.0,1.4144970050980537
"Tezzeret, Cruel Captain",0.1,1,1,5.0,0.0,2.0,1.2096278114251235
"Tezzeret, Artifice Master",0.1,1,1,5.0,0.0,3.0,1.3672222890366683
Winds of Abandon,0.1,1,3,3.0,0.6666666666666666,2.0,1.2019843192912827
Wild Nacatl,0.1,1,1,5.0,0.0,2.0,1.3282466184776136
Wight of the Reliquary,0.1,1,1,2.0,1.0,2.0,1.2019845005085406
Manifold Key,0.1,1,2,5.0,0.0,2.5,1.254577948381537
Arc Lightning,0.0,1,1,2.0,1.0,2.0,1.3078897603467101
"Arabella, Abandoned Doll",0.0,1,1,5.0,0.0,2.0,1.2526091050905215
Anointed Peacekeeper,0.0,1,1,3.0,1.0,2.0,1.2019843722615504
Ankh of Mishra,0.0,1,1,2.0,1.0,2.0,1.4506555035574729
"Anim Pakal, Thousandth Moon",0.0,1,1,5.0,0.0,2.0,1.324914879287561
Anguished Unmaking,0.0,1,2,3.0,1.0,2.5,1.2724397385557698
Angrath's Rampage,0.0,1,1,1.0,1.0,3.0,1.241586314745754
Anger of the Gods,0.0,1,1,3.0,1.0,2.0,1.1807894117323736
Witherbloom Command,0.0,1,2,4.0,0.5,2.0,1.2019847791900586
Winter Orb,0.0,1,1,5.0,0.0,3.0,1.299763690513788
Winter Moon,0.0,1,1,2.0,1.0,2.0,1.2591127967642906
"Winota, Joiner of Forces",0.0,1,1,5.0,0.0,2.0,1.1947817988244143
Windbrisk Heights,0.0,1,2,2.0,1.0,2.0,1.2019999933349002
Wild Slash,0.0,1,1,5.0,0.0,3.0,1.201997134472302
Wild Mongrel,0.0,1,1,3.0,1.0,2.0,1.392689164610843
White Orchid Phantom,0.0,1,2,4.0,0.5,2.0,1.2019490051628121
Liliana's Triumph,0.0,1,1,5.0,0.0,3.0,1.2034929785740247
Marionette Apprentice,0.0,1,1,5.0,0.0,2.0,1.2019848267497157
Mardu Woe-Reaper,0.0,1,3,3.6666666666666665,0.6666666666666666,2.6666666666666665,1.338052812430559
Mantis Rider,0.0,1,1,2.0,1.0,3.0,1.2019840551405108
Managorger Hydra,0.0,1,1,5.0,0.0,2.0,1.2020244131544124
Malicious Affliction,0.0,1,1,3.0,1.0,2.0,1.2019890415605272
Magmaquake,0.0,1,2,3.5,0.5,3.0,1.1922782825172942
Magma Jet,0.0,1,1,2.0,1.0,2.0,1.2019995762133195
Lush Portico,0.0,1,1,2.0,1.0,2.0,1.2020632680626724
Lumbering Falls,0.0,1,1,5.0,0.0,3.0,1.310986792052032
Lotus Cobra,0.0,1,2,2.0,1.0,2.0,1.2020126260569048
Lotus Bloom,0.0,1,1,5.0,0.0,3.0,1.2020000448634807
Lotleth Troll,0.0,1,1,5.0,0.0,2.0,1.2019964305471982
"Losheel, Clockwork Scholar",0.0,1,1,5.0,0.0,2.0,1.338123873438918
Zo-Zu the Punisher,0.0,1,1,2.0,1.0,2.0,1.3470224992340718
Ziatora's Proving Ground,0.0,1,2,5.0,0.0,2.0,1.2020031009387429
Leyline Binding,0.0,1,1,1.0,1.0,2.0,1.2019845086698733
Leonin Shikari,0.0,1,1,5.0,0.0,2.0,1.3503520449752586
Legolas's Quick Reflexes,0.0,1,1,5.0,0.0,2.0,1.20199175935983
Legion Warboss,0.0,1,1,2.0,1.0,2.0,1.2019890039398604
Mawloc,0.0,1,8,3.875,0.5,2.0,1.2019843259850287
Master of the Wild Hunt,0.0,1,2,4.0,0.5,3.0,1.2892804555290032
Massacre Wurm,0.0,1,1,3.0,1.0,2.0,1.2583659356201193
Massacre,0.0,1,2,2.0,1.0,2.0,1.2387028266157474
Masked Admirers,0.0,1,1,1.0,1.0,2.0,1.2712763851544966
Loran of the Third Path,0.0,1,3,3.0,0.6666666666666666,2.0,1.201984429179565
Long Goodbye,0.0,1,1,5.0,0.0,2.0,1.281603148314733
Llanowar Wastes,0.0,1,3,4.333333333333333,0.3333333333333333,2.0,1.3822172750551611
"Lita, Mechanical Engineer",0.0,1,1,2.0,1.0,2.0,1.201984490170062
Liquimetal Torque,0.0,2,1,3.0,1.0,2.0,1.5800816098348196
Lion Sash,0.0,1,5,3.4,0.6,2.0,1.2019844505237807
Lingering Souls,0.0,1,3,4.333333333333333,0.3333333333333333,2.3333333333333335,1.2019845835763623
Lava Spike,0.0,1,2,3.5,0.5,2.5,1.3164594079264034
Lathnu Hellion,0.0,1,1,5.0,0.0,3.0,1.2019870410477596
Lair of the Hydra,0.0,1,1,3.0,1.0,2.0,1.350549573908947
"Krenko, Baron of Tin Street",0.0,1,1,2.0,1.0,2.0,1.2019848130719544
Kraul Harpooner,0.0,1,1,5.0,0.0,2.0,1.2019855209942292
Kozilek's Return,0.0,1,1,3.0,1.0,3.0,1.2019922195496728
Mirran Crusader,0.0,1,2,3.5,0.5,3.0,1.2019871552895134
Militia Bugler,0.0,1,1,3.0,1.0,2.0,1.2019847240380903
"Mikaeus, the Lunarch",0.0,1,2,2.0,1.0,2.0,1.3787624839764254
"Migloz, Maze Crusher",0.0,1,2,4.0,0.5,2.0,1.3960454759588792
Meticulous Archive,0.0,1,3,3.6666666666666665,0.3333333333333333,2.0,1.202056278433653
Metallic Mimic,0.0,1,1,3.0,1.0,3.0,1.296932627065476
Mercurial Spelldancer,0.0,1,1,5.0,0.0,2.0,1.4082776208713499
Lightning Greaves,0.0,1,2,5.0,0.0,2.0,1.20198935466083
Library of Alexandria,0.0,1,2,3.0,0.5,3.0,1.3701226674549278
"Liberator, Urza's Battlethopter",0.0,1,2,3.5,0.5,2.0,1.201926748438985
Kazandu Refuge,0.0,1,1,1.0,1.0,2.0,1.3948116435163662
"Karn, the Great Creator",0.0,2,1,5.0,0.0,2.0,1.5627654641984083
Molten Rain,0.0,1,1,2.0,1.0,2.0,1.2849285159459432
Mogg Fanatic,0.0,1,1,2.0,1.0,2.0,1.3183683515892597
Mnemonic Wall,0.0,1,1,5.0,0.0,3.0,1.2020564640792393
Mizzium Mortars,0.0,1,2,2.5,1.0,2.5,1.2019843183321248
Mistcutter Hydra,0.0,1,1,1.0,1.0,2.0,1.2019854846891505
Mishra's Foundry,0.0,1,1,5.0,0.0,2.0,1.304959384703277
Mirri's Guile,0.0,1,1,3.0,1.0,2.0,1.3611315831347162
Kor Haven,0.0,1,1,3.0,1.0,2.0,1.3156947321683048
Kor Firewalker,0.0,1,1,5.0,0.0,3.0,1.2020001277350476
"Kogla, the Titan Ape",0.0,1,1,5.0,0.0,2.0,1.2019763717326486
Knight of the Holy Nimbus,0.0,1,1,5.0,0.0,3.0,1.2020012347234834
Knight of Malice,0.0,1,1,3.0,1.0,3.0,1.201984877372752
"Klothys, God of Destiny",0.0,1,3,2.6666666666666665,0.6666666666666666,2.0,1.1719039548289938
Kitesail Freebooter,0.0,1,2,4.0,0.5,3.0,1.17885118290767
Kappa Cannoneer,0.0,1,3,4.0,0.3333333333333333,2.0,1.2019865390755984
"Kalitas, Traitor of Ghet",0.0,1,2,2.0,1.0,2.5,1.2019844073322588
"Josu Vess, Lich Knight",0.0,1,1,3.0,1.0,2.0,1.201989978432131
Mutavault,0.0,1,7,3.857142857142857,0.5714285714285714,2.2857142857142856,1.3888373052390235
Murmuring Bosk,0.0,1,1,3.0,1.0,2.0,1.3919265211696243
Multani's Acolyte,0.0,1,1,1.0,1.0,2.0,1.2019841966282554
Mukotai Soulripper,0.0,1,1,5.0,0.0,2.0,1.2019812989252379
Mournwillow,0.0,1,1,5.0,0.0,2.0,1.2019879196413168
Monastery Swiftspear,0.0,1,1,5.0,0.0,3.0,1.2019848850481354
Monastery Mentor,0.0,1,3,3.3333333333333335,0.6666666666666666,2.3333333333333335,1.2019863294846926
Kiln Fiend,0.0,1,1,5.0,0.0,3.0,1.3631099905019664
"Kiki-Jiki, Mirror Breaker",0.0,1,3,3.0,0.6666666666666666,2.0,1.201985300567463
Kher Keep,0.0,1,1,3.0,1.0,2.0,1.2535211703234785
Ketria Triome,0.0,1,3,3.3333333333333335,0.6666666666666666,2.0,1.2020028323631329
Keen-Eyed Curator,0.0,1,1,5.0,0.0,2.0,1.4139550854238878
Kazuul's Toll Collector,0.0,1,1,5.0,0.0,2.0,1.3922699813382229
Jetmir's Garden,0.0,1,2,3.0,0.5,2.0,1.202001250199796
Jacked Rabbit,0.0,1,1,5.0,0.0,2.0,1.2019826295557041
"Jace, Architect of Thought",0.0,1,1,1.0,1.0,3.0,1.3513897860761555
Isareth the Awakener,0.0,1,1,2.0,1.0,2.0,1.2019855231907426
"Isamaru, Hound of Konda",0.0,1,2,3.5,0.5,2.5,1.280292242286763
Irrigated Farmland,0.0,1,1,3.0,1.0,3.0,1.2019983987874985
Needle Spires,0.0,1,1,2.0,1.0,3.0,1.329055128789936
Narnam Renegade,0.0,1,1,5.0,0.0,2.0,1.2019890436112606
"Nahiri, the Harbinger",0.0,1,1,1.0,1.0,2.0,1.2688467651027175
"Nahiri, Heir of the Ancients",0.0,1,1,5.0,0.0,2.0,1.2836152377695234
"Nahiri, Forged in Fury",0.0,1,1,5.0,0.0,2.0,1.2019843136422337
Myr Enforcer,0.0,1,1,5.0,0.0,2.0,1.2019843139324482
Karn's Bastion,0.0,1,1,3.0,1.0,2.0,1.201984251331801
Karn Liberated,0.0,1,1,3.0,1.0,2.0,1.2799593398872195
"Kari Zev, Skyship Raider",0.0,1,2,3.5,0.5,2.5,1.2019884540216002
Karakas,0.0,1,26,3.1923076923076925,0.6538461538461539,2.1538461538461537,1.1969171847038673
Inkmoth Nexus,0.0,1,1,5.0,0.0,2.0,1.348254482957824
Ingenious Smith,0.0,1,2,3.5,0.5,2.0,1.3247577494280347
Infestation Sage,0.0,1,1,5.0,0.0,2.0,1.3580304374721035
Inferno Titan,0.0,1,3,2.0,1.0,2.6666666666666665,1.3243013632086342
Infernal Reckoning,0.0,1,1,3.0,1.0,2.0,1.2678225829197456
"Nissa, Voice of Zendikar",0.0,1,2,4.5,0.5,2.5,1.3051034670438493
"Nissa, Steward of Elements",0.0,1,1,4.0,1.0,2.0,1.201989154900187
Nimbus Maze,0.0,1,1,3.0,1.0,3.0,1.3257951781902835
Nimble Obstructionist,0.0,1,2,3.5,0.5,3.0,1.2019794057594286
Nihil Spellbomb,0.0,1,5,3.8,0.4,2.4,1.4511977109761338
Night Scythe,0.0,1,1,5.0,0.0,2.0,1.201984705191897
"Nicol Bolas, the Ravager",0.0,1,1,5.0,0.0,3.0,1.2629638856917338
"Niambi, Esteemed Speaker",0.0,1,1,3.0,1.0,2.0,1.2019804183901248
Nest Invader,0.0,1,2,2.5,1.0,2.0,1.374138210159832
Jeweled Amulet,0.0,2,1,5.0,0.0,2.0,1.6263479346882583
Jewel Thief,0.0,1,2,3.0,0.5,2.0,1.2019843721137276
Hurkyl's Recall,0.0,1,1,3.0,1.0,2.0,1.319645923062978
Opposition,0.0,1,1,4.0,1.0,2.0,1.2780240942506436
On Thin Ice,0.0,1,2,3.0,1.0,2.5,1.2019850264839589
"Omnath, Locus of Creation",0.0,1,1,3.0,1.0,2.0,1.2019905787578544
Obstinate Baloth,0.0,1,1,3.0,1.0,2.0,1.2967402380101345
"Oboro, Palace in the Clouds",0.0,1,1,3.0,1.0,2.0,1.3732106367842831
Oblivion Ring,0.0,1,1,3.0,1.0,2.0,1.3147515745336973
Ob Nixilis Reignited,0.0,1,1,3.0,1.0,2.0,1.4090864404712855
Oath of Nissa,0.0,1,1,5.0,0.0,2.0,1.2603283935587362
Null Rod,0.0,2,2,1.5,1.0,2.0,1.599333408654682
Ionize,0.0,1,1,3.0,1.0,3.0,1.3088061841310572
Into the North,0.0,1,1,5.0,0.0,2.0,1.398350873275073
"Inti, Seneschal of the Sun",0.0,1,3,4.0,0.3333333333333333,2.0,1.1942941865878185
Instill Energy,0.0,1,1,1.0,1.0,2.0,1.2019858873120892
Inspiring Vantage,0.0,1,7,3.2857142857142856,0.5714285714285714,2.0,1.3612176688219704
Inscription of Abundance,0.0,1,1,5.0,0.0,2.0,1.201988823982233
Hostage Taker,0.0,1,1,5.0,0.0,3.0,1.4446645160317464
Hornet Queen,0.0,1,3,2.6666666666666665,1.0,2.3333333333333335,1.2019697677673205
Homeward Path,0.0,1,1,1.0,1.0,2.0,1.2879547491520693
Hive of the Eye Tyrant,0.0,1,1,5.0,0.0,2.0,1.3304896482666688
Hexdrinker,0.0,1,9,3.7777777777777777,0.4444444444444444,2.111111111111111,1.2019884271468733
Pack Rat,0.0,1,1,3.0,1.0,2.0,1.3220237789855733
Overwhelming Splendor,0.0,1,1,3.0,1.0,2.0,1.201984740600866
Overlord of the Balemurk,0.0,1,2,3.5,0.5,2.0,1.2019843181138854
Orzhov Pontiff,0.0,1,1,5.0,0.0,3.0,1.201985339715288
Orzhov Charm,0.0,1,1,3.0,1.0,3.0,1.1873758502175173
Orcish Bowmasters,0.0,1,9,3.5555555555555554,0.4444444444444444,2.0,1.2019844153174757
Incendiary Flow,0.0,1,2,3.5,0.5,2.5,1.3307953817766487
Imposing Sovereign,0.0,1,2,4.0,0.5,3.0,1.310955280812689
Icetill Explorer,0.0,1,1,5.0,0.0,2.0,1.2019845406571186
Hushwood Verge,0.0,1,1,2.0,1.0,2.0,1.3545750194625223
Hushwing Gryff,0.0,1,1,5.0,0.0,3.0,1.2019316658220693
Hero of Bladehold,0.0,1,2,2.0,1.0,2.0,1.2019852580129737
Hellspark Elemental,0.0,1,2,3.5,0.5,2.5,1.2019862363159108
Hell's Thunder,0.0,1,1,2.0,1.0,2.0,1.2019830958390227
Hedge Maze,0.0,1,2,4.0,0.5,2.0,1.202058342847078
Headliner Scarlett,0.0,1,1,2.0,1.0,2.0,1.2019901119787257
Haywire Mite,0.0,1,6,4.5,0.16666666666666666,2.0,1.3186056259178442
Hauntwoods Shrieker,0.0,1,1,5.0,0.0,2.0,1.2019846980319877
Harm's Way,0.0,1,1,3.0,1.0,2.0,1.2971358178570889
Harbinger of the Seas,0.0,1,2,3.0,1.0,2.0,1.301949337006343
Hangarback Walker,0.0,1,2,3.5,0.5,2.0,1.3352581735016713
Hallowed Spiritkeeper,0.0,1,1,5.0,0.0,3.0,1.2019845338957047
Pestermite,0.0,1,1,5.0,0.0,2.0,1.2019134077543445
Patchwork Automaton,0.0,1,4,4.25,0.25,2.0,1.2019946620102908
Parallax Wave,0.0,1,2,2.0,1.0,2.0,1.2019929971399845
Howlsquad Heavy,0.0,1,1,2.0,1.0,2.0,1.201984452639377
Hour of Devastation,0.0,1,1,3.0,1.0,2.0,1.2961362899814415
Grand Abolisher,0.0,1,2,5.0,0.0,2.5,1.4470824727040656
Planar Nexus,0.0,2,1,5.0,0.0,2.0,1.5100567313588178
Plague Engineer,0.0,1,1,1.0,1.0,3.0,1.2019841356234682
Pithing Needle,0.0,1,3,5.0,0.0,2.3333333333333335,1.3179188324137003
Pillage,0.0,1,1,3.0,1.0,2.0,1.1784200231562207
"Pianna, Nomad Captain",0.0,1,1,3.0,1.0,3.0,1.3428358815383368
Phyrexian Fleshgorger,0.0,1,1,5.0,0.0,2.0,1.2019847278745652
"Phelia, Exuberant Shepherd",0.0,1,2,4.0,0.5,2.0,1.2019908723294788
"Halana and Alena, Partners",0.0,1,1,3.0,1.0,2.0,1.2019882593033833
"Gut, True Soul Zealot",0.0,1,2,5.0,0.0,2.0,1.201984595746884
Guide of Souls,0.0,1,3,4.0,0.3333333333333333,2.0,1.2811329648127152
Guardian of New Benalia,0.0,1,2,2.0,1.0,2.0,1.2019846397376859
Gruul Spellbreaker,0.0,1,1,3.0,1.0,2.0,1.2019922415986788
Gruul Ragebeast,0.0,1,1,1.0,1.0,2.0,1.2019800855443161
Gruff Triplets,0.0,1,1,5.0,0.0,2.0,1.2019904168957736
Grindstone,0.0,1,4,5.0,0.0,2.75,1.2019848836250198
Goblin Cratermaker,0.0,1,1,2.0,1.0,3.0,1.2494909531933205
Gnarled Scarhide,0.0,1,1,5.0,0.0,2.0,1.2019987625946844
Glory-Bound Initiate,0.0,1,2,2.5,1.0,2.5,1.2019843393035456
Glissa Sunslayer,0.0,1,2,5.0,0.0,2.0,1.201984306428137
Priest of Titania,0.0,1,3,3.0,0.6666666666666666,2.6666666666666665,1.430015940223076
Price of Progress,0.0,1,6,2.6666666666666665,0.8333333333333334,2.1666666666666665,1.3139709031396192
Prairie Stream,0.0,1,1,3.0,1.0,3.0,1.2452324101310728
Power Conduit,0.0,2,1,5.0,0.0,2.0,1.5082885518540723
Port Town,0.0,1,1,3.0,1.0,3.0,1.279366897756227
"Polukranos, World Eater",0.0,1,1,3.0,1.0,2.0,1.2019843148189517
Platinum Angel,0.0,1,1,5.0,0.0,2.0,1.171413316974382
Grim Flayer,0.0,1,2,2.0,1.0,2.5,1.2019820644470154
Greenwheel Liberator,0.0,1,1,5.0,0.0,2.0,1.201992068146054
Graven Cairns,0.0,2,2,1.0,1.0,3.0,1.5282497348310382
Gravecrawler,0.0,1,1,5.0,0.0,2.0,1.4646630335847708
Grapple with the Past,0.0,1,1,1.0,1.0,2.0,1.2019844833458015
Gingerbrute,0.0,1,3,4.0,0.3333333333333333,2.0,1.2019863288782684
Gilt-Leaf Palace,0.0,1,1,3.0,1.0,2.0,1.379385599391021
Gilded Goose,0.0,1,2,5.0,0.0,2.0,1.2019027154717727
"Gideon, Ally of Zendikar",0.0,1,4,3.25,0.75,2.75,1.3547073725493928
Gideon Jura,0.0,1,2,3.0,1.0,2.5,1.2645894315292745
Puresteel Paladin,0.0,1,1,5.0,0.0,2.0,1.2019819022611238
Punishing Fire,0.0,1,2,3.0,0.5,2.5,1.2014185953589878
Prowling Serpopard,0.0,1,1,5.0,0.0,2.0,1.3166820160328916
Profane Command,0.0,1,1,3.0,1.0,2.0,1.3339107034960846
Prime Speaker Vannifar,0.0,1,1,5.0,0.0,3.0,1.3583640894031452
Primal Adversary,0.0,1,1,5.0,0.0,2.0,1.2019992255558334
"Gonti, Lord of Luxury",0.0,1,1,3.0,1.0,2.0,1.2019880445348419
Goldspan Dragon,0.0,1,1,3.0,1.0,2.0,1.201984625494628
God-Eternal Rhonas,0.0,1,1,5.0,0.0,2.0,1.2019872080426288
Goblin Rabblemaster,0.0,1,8,2.875,0.75,2.375,1.293856044484461
Goblin Guide,0.0,1,3,3.0,0.6666666666666666,2.3333333333333335,1.2019849329629084
Gemrazer,0.0,1,1,5.0,0.0,2.0,1.2019844004370697
Geist of Saint Traft,0.0,1,1,2.0,1.0,3.0,1.2019884092399094
Gaze of Granite,0.0,1,1,3.0,1.0,2.0,1.2142509988598105
"Garruk, Unleashed",0.0,1,1,5.0,0.0,2.0,1.3023534850585905
Rakdos Cackler,0.0,1,4,3.5,0.5,2.25,1.2020794706067344
Raise the Alarm,0.0,1,1,5.0,0.0,2.0,1.3116425601434807
Raging Ravine,0.0,1,4,2.25,0.75,2.25,1.2957344709481466
Quirion Elves,0.0,1,1,3.0,1.0,3.0,1.339548034560711
Quirion Dryad,0.0,1,2,4.0,0.5,2.0,1.2976247036073392
Quirion Beastcaller,0.0,1,2,4.0,0.5,2.0,1.2757374687992464
Quantum Riddler,0.0,1,2,2.0,1.0,2.0,1.20198082937236
Pyroclasm,0.0,1,1,5.0,0.0,3.0,1.19784257908584
Glint-Sleeve Siphoner,0.0,1,1,2.0,1.0,2.0,1.2019956299641685
Gleaming Barrier,0.0,1,1,5.0,0.0,3.0,1.20198522880453
Glaring Fleshraker,0.0,1,1,5.0,0.0,2.0,1.3792599894478372
Glacial Fortress,0.0,1,2,2.5,1.0,3.0,1.2868152358608893
Galvanic Blast,0.0,1,3,5.0,0.0,2.3333333333333335,1.2019896869056534
Gaea's Revenge,0.0,1,1,1.0,1.0,2.0,1.2019846455900247
Gaddock Teeg,0.0,1,1,5.0,0.0,2.0,1.4230557229725656
Furnace Punisher,0.0,1,1,3.0,1.0,2.0,1.202003335457806
Ravages of War,0.0,1,1,3.0,1.0,3.0,1.2053918816446405
Raugrin Triome,0.0,1,3,3.0,0.6666666666666666,2.0,1.2020024987342026
Raucous Theater,0.0,1,2,5.0,0.0,2.0,1.202069727372445
Rampaging Raptor,0.0,1,1,3.0,1.0,2.0,1.201984800977592
Rampaging Ferocidon,0.0,1,4,3.25,0.75,2.25,1.202006118067885
Rampaging Baloths,0.0,1,1,1.0,1.0,2.0,1.2019858822187084
Ghost Vacuum,0.0,1,3,5.0,0.0,2.0,1.437854191523331
Ghitu Lavarunner,0.0,1,1,5.0,0.0,3.0,1.3232523457769367
Ghirapur Aether Grid,0.0,1,1,5.0,0.0,2.0,1.2576051500521668
"Ghalta, Primal Hunger",0.0,1,1,1.0,1.0,2.0,1.2019869848400615
Get Lost,0.0,1,1,3.0,1.0,2.0,1.2019834892530012
Generous Ent,0.0,1,1,5.0,0.0,2.0,1.2019854512557233
Regrowth,0.0,1,1,5.0,0.0,3.0,1.1824797151429511
Regal Behemoth,0.0,1,1,1.0,1.0,2.0,1.2020172322752247
Reckless Abandon,0.0,1,1,2.0,1.0,2.0,1.3202370966264882
Rebel Salvo,0.0,1,1,5.0,0.0,2.0,1.2019843137085742
Reap and Sow,0.0,1,1,5.0,0.0,2.0,1.2019857480499911
Fumigate,0.0,1,1,3.0,1.0,2.0,1.1493877255723124
Frogmite,0.0,1,2,5.0,0.0,2.0,1.2019843141089543
Froghemoth,0.0,1,1,5.0,0.0,2.0,1.2019840865646332
Fragmentize,0.0,1,2,4.0,0.5,3.0,1.1997456056783649
Forgotten Cave,0.0,1,3,3.0,0.6666666666666666,2.3333333333333335,1.2020103184606767
Forge Anew,0.0,1,1,5.0,0.0,2.0,1.3265495774378329
Force Spike,0.0,1,1,3.0,1.0,2.0,1.3265125938419504
Garruk's Harbinger,0.0,1,1,5.0,0.0,2.0,1.201983644975696
Game Trail,0.0,1,1,1.0,1.0,2.0,1.2716995250627816
Galvanic Key,0.0,1,1,5.0,0.0,3.0,1.2020007325399151
Galvanic Discharge,0.0,1,2,4.0,0.5,2.0,1.3301968237710635
Flusterstorm,0.0,1,1,5.0,0.0,3.0,1.2019856915533842
Flooded Grove,0.0,2,3,4.0,0.6666666666666666,2.3333333333333335,1.5304832287520655
Flametongue Kavu,0.0,1,1,2.0,1.0,3.0,1.3341813353747995
Flames of the Firebrand,0.0,1,1,2.0,1.0,2.0,1.3170133401952362
Flameblast Dragon,0.0,1,1,1.0,1.0,2.0,1.1760831513049892
Flame Rift,0.0,1,1,2.0,1.0,2.0,1.4548997993282937
Flame Javelin,0.0,1,2,3.5,0.5,2.5,1.3178343431609303
Return to Nature,0.0,1,1,5.0,0.0,2.0,1.2795802606965114
Restoration Angel,0.0,1,4,2.75,0.75,2.5,1.201944825938855
Resolute Reinforcements,0.0,1,1,5.0,0.0,2.0,1.2019983417926807
Repulse,0.0,1,1,3.0,1.0,2.0,1.2305641807428662
Repeal,0.0,1,4,3.75,0.5,2.5,1.1979407532523005
Renegade Rallier,0.0,1,3,2.6666666666666665,0.6666666666666666,2.0,1.2019845182261897
Remorseful Cleric,0.0,1,1,5.0,0.0,3.0,1.1754199013322906
Relic of Progenitus,0.0,1,2,4.0,0.5,2.0,1.478317454686156
Relic Seeker,0.0,1,1,3.0,1.0,3.0,1.2019777773337612
Firedrinker Satyr,0.0,1,1,5.0,0.0,3.0,1.479650440150885
Firebrand Archer,0.0,1,1,5.0,0.0,3.0,1.378283287741358
Firebolt,0.0,1,2,3.5,0.5,2.5,1.2019844744105748
Fire-Lit Thicket,0.0,2,2,2.0,1.0,2.0,1.5591619266600834
Fire Imp,0.0,1,1,2.0,1.0,3.0,1.3236182152560678
Fire Ambush,0.0,1,1,2.0,1.0,2.0,1.2269192465456624
Fight as One,0.0,1,1,3.0,1.0,2.0,1.2543763109853854
Fiend Hunter,0.0,1,1,3.0,1.0,3.0,1.277445348292422
Riveteers Charm,0.0,1,1,5.0,0.0,2.0,1.3164826451367946
River of Tears,0.0,1,2,5.0,0.0,3.0,1.3525764220984378
Riptide Laboratory,0.0,1,1,1.0,1.0,3.0,1.2949491956124675
Rift Bolt,0.0,1,2,3.5,0.5,2.5,1.2019818895226617
Ride Down,0.0,1,1,5.0,0.0,2.0,1.2629596554041929
Rhonas's Last Stand,0.0,1,1,5.0,0.0,2.0,1.3532821957148062
Rhonas the Indomitable,0.0,1,1,5.0,0.0,2.0,1.20198372459271
Reverberate,0.0,1,1,3.0,1.0,2.0,1.373956031895961
Sakura-Tribe Elder,0.0,1,2,3.5,1.0,2.0,1.4466156236097663
Sailors' Bane,0.0,1,1,5.0,0.0,2.0,1.2019812744613505
Rustvale Bridge,0.0,1,1,5.0,0.0,2.0,1.1752999254707626
Rune-Scarred Demon,0.0,1,1,3.0,1.0,2.0,1.1746637162173081
Runaway Steam-Kin,0.0,1,2,4.0,0.5,2.5,1.445703460208247
Rugged Prairie,0.0,2,1,5.0,0.0,2.0,1.5609102816249627
Rug of Smothering,0.0,1,1,5.0,0.0,2.0,1.1713180318342307
Rubblehulk,0.0,1,1,1.0,1.0,2.0,1.2019863481274007
Rona's Vortex,0.0,1,1,5.0,0.0,2.0,1.2019780525051136
Fetid Pools,0.0,1,2,3.0,0.5,3.0,1.2019979863617316
Fetid Heath,0.0,2,3,2.6666666666666665,1.0,2.3333333333333335,1.5499995151497838
Fervent Champion,0.0,1,1,5.0,0.0,2.0,1.2019853471909476
Felidar Guardian,0.0,1,2,3.0,0.5,2.0,1.3433210372276996
Fateful Absence,0.0,1,2,2.0,1.0,2.0,1.2019845390440216
Fanatic of Rhonas,0.0,1,2,3.5,0.5,2.0,1.2019877223825455
Falkenrath Gorger,0.0,1,1,5.0,0.0,3.0,1.3816505634260918
Falkenrath Aristocrat,0.0,1,1,2.0,1.0,2.0,1.2019830583051077
Faerie Conclave,0.0,1,2,2.5,1.0,2.5,1.2632461669469883
Faceless Haven,0.0,1,1,3.0,1.0,2.0,1.4349973560162306
Exquisite Firecraft,0.0,1,1,5.0,0.0,3.0,1.201984801809933
Explore,0.0,1,1,1.0,1.0,2.0,1.3046761515225451
Exploration,0.0,1,2,3.0,0.5,2.5,1.2979020518420827
Expedition Envoy,0.0,1,1,3.0,1.0,3.0,1.213020677075904
Scorned Villager,0.0,1,1,3.0,1.0,3.0,1.2440300956948909
Scavenged Brawler,0.0,1,1,5.0,0.0,2.0,1.2019847272298079
Scab-Clan Berserker,0.0,1,1,5.0,0.0,3.0,1.201989168132893
Savage Twister,0.0,1,1,1.0,1.0,2.0,1.2791955591899815
Savage Knuckleblade,0.0,1,1,2.0,1.0,2.0,1.4961584182226855
Sarcomancy,0.0,1,1,5.0,0.0,2.0,1.3401075506595204
Sanguine Evangelist,0.0,1,1,5.0,0.0,2.0,1.201985057598633
Sanctifier en-Vec,0.0,1,2,4.0,0.5,2.0,1.2019942388210854
Samwise the Stouthearted,0.0,1,2,4.0,0.5,2.0,1.20198417522265
Ethersworn Sphinx,0.0,1,1,5.0,0.0,2.0,1.201984148846933
Ethereal Forager,0.0,1,1,5.0,0.0,2.0,1.200335686110769
Esika's Chariot,0.0,1,2,5.0,0.0,2.0,1.2019915118155389
Ephemerate,0.0,1,11,2.8181818181818183,0.7272727272727273,2.0,1.201989440722489
Entreat the Angels,0.0,1,1,3.0,1.0,3.0,1.201986636240195
Searing Spear,0.0,1,2,3.5,0.5,2.5,1.2462198813897267
Searing Blood,0.0,1,2,3.5,0.5,2.5,1.2999313415147442
Searing Blaze,0.0,1,2,3.5,0.5,2.5,1.2019879381803327
Search for Glory,0.0,1,1,5.0,0.0,2.0,1.2629641516137764
Seam Rip,0.0,1,1,5.0,0.0,2.0,1.2492380668808623
Seal Away,0.0,1,1,3.0,1.0,3.0,1.2019922108987449
Sea Gate Wreckage,0.0,1,1,3.0,1.0,2.0,1.4104665206031084
Scrying Sheets,0.0,1,1,3.0,1.0,2.0,1.1975284525976377
Scryb Ranger,0.0,1,4,3.5,0.5,2.5,1.20197432787303
Screaming Nemesis,0.0,1,2,3.5,0.5,2.0,1.2019859955068473
Scrawling Crawler,0.0,1,1,5.0,0.0,2.0,1.4838050355816756
Eldrazi Confluence,0.0,1,1,5.0,0.0,2.0,1.3217127170864367
Elder Gargaroth,0.0,1,1,5.0,0.0,2.0,1.2019845397085032
"Elas il-Kor, Sadistic Pilgrim",0.0,1,1,5.0,0.0,2.0,1.2019853922073938
Shadow Prophecy,0.0,1,1,5.0,0.0,2.0,1.2019918398511935
Sentinel of the Nameless City,0.0,1,1,5.0,0.0,2.0,1.201984375324877
Selfless Spirit,0.0,1,7,2.7142857142857144,0.8571428571428571,2.142857142857143,1.1785032467348096
Sejiri Steppe,0.0,1,1,5.0,0.0,2.0,1.2644601112339982
Seeker of the Way,0.0,1,1,2.0,1.0,3.0,1.2019917226175565
Secluded Steppe,0.0,1,2,2.0,1.0,2.0,1.2019981878801573
Searslicer Goblin,0.0,1,1,5.0,0.0,2.0,1.2019889700115338
Engineered Explosives,0.0,1,1,1.0,1.0,3.0,1.2019844988045028
Enduring Innocence,0.0,1,1,5.0,0.0,2.0,1.2019843753432333
Encroach,0.0,1,1,3.0,1.0,2.0,1.1951112134567818
Emperor of Bones,0.0,1,5,2.8,0.8,2.0,1.2020002916606707
Elvish Harbinger,0.0,2,1,5.0,0.0,3.0,1.5033692022902105
Elvish Archdruid,0.0,2,2,2.0,1.0,2.5,1.5406488467101997
"Shizo, Death's Storehouse",0.0,1,1,3.0,1.0,2.0,1.150041655975125
Shivan Devastator,0.0,1,1,3.0,1.0,2.0,1.2019847407368238
Shifting Ceratops,0.0,1,1,5.0,0.0,2.0,1.2020088847559254
"Sheoldred, the Apocalypse",0.0,1,3,3.0,0.6666666666666666,2.0,1.201988176225034
Sheoldred's Edict,0.0,1,2,3.0,0.5,2.0,1.2061451000068222
Sheltered Thicket,0.0,1,2,1.0,1.0,2.5,1.202001086206608
Shattering Spree,0.0,1,1,3.0,1.0,2.0,1.201984318246564
Shared Triumph,0.0,1,1,3.0,1.0,3.0,1.392181778681334
Shard Volley,0.0,1,1,5.0,0.0,3.0,1.3230200414315676
Shambling Ghast,0.0,1,1,5.0,0.0,2.0,1.201985776340772
Shadowy Backstreet,0.0,1,2,5.0,0.0,2.0,1.202067810035601
Elite Vanguard,0.0,1,1,3.0,1.0,3.0,1.1803146671577875
"Elesh Norn, Grand Cenobite",0.0,1,1,5.0,0.0,2.0,1.201984430866438
Elegant Parlor,0.0,1,1,5.0,0.0,2.0,1.2020696624863962
Electrostatic Infantry,0.0,1,1,5.0,0.0,2.0,1.2020034897462046
Eldrazi Displacer,0.0,1,2,2.0,1.0,2.0,1.2019906300344192
Eiganjo Castle,0.0,1,2,4.0,0.5,2.5,1.2128871307514635
Eidolon of the Great Revel,0.0,1,2,3.5,0.5,2.5,1.445187605649139
Earthquake,0.0,1,1,2.0,1.0,2.0,1.2181861425018603
Eagles of the North,0.0,1,1,5.0,0.0,2.0,1.2019940617160918
Dress Down,0.0,1,1,3.0,1.0,2.0,1.2019926275149595
Dreg Mangler,0.0,1,1,5.0,0.0,2.0,1.2019930229424798
Dreams of Steel and Oil,0.0,1,2,4.0,0.5,2.0,1.3591503726057725
Dream Stalker,0.0,1,1,3.0,1.0,2.0,1.3103894118355237
Silverbluff Bridge,0.0,1,1,5.0,0.0,2.0,1.1744799819172345
Silver Knight,0.0,1,1,5.0,0.0,3.0,1.2019850074971552
Silent Clearing,0.0,1,3,3.6666666666666665,0.6666666666666666,2.3333333333333335,1.1688999893843044
Siege Veteran,0.0,1,1,3.0,1.0,2.0,1.2900190182045579
Shuko,0.0,1,1,5.0,0.0,2.0,1.201992375585174
Shrine of Burning Rage,0.0,1,2,3.5,0.5,2.5,1.4200339119395182
Shred Memory,0.0,1,1,5.0,0.0,3.0,1.2019862380638282
Shock,0.0,1,1,5.0,0.0,3.0,1.2079745935549577
Slaughter Specialist,0.0,1,1,5.0,0.0,2.0,1.1860958025664479
Slaughter Pact,0.0,1,2,2.0,1.0,2.5,1.3154584089914956
Slagwoods Bridge,0.0,1,1,5.0,0.0,2.0,1.1753420377927954
Skyshroud Elite,0.0,1,1,5.0,0.0,2.0,1.1649536889178673
Skyclave Shade,0.0,1,1,5.0,0.0,2.0,1.2019877705252742
"Skrelv, Defector Mite",0.0,1,2,3.5,0.5,2.0,1.201991312831006
Skrelv's Hive,0.0,1,1,5.0,0.0,2.0,1.2019718423735668
Skred,0.0,1,2,3.0,1.0,2.0,1.242410310814511
Skorpekh Lord,0.0,1,1,2.0,1.0,2.0,1.2019843790577016
Skinshifter,0.0,2,1,3.0,1.0,2.0,1.5229263593866436
Six,0.0,1,1,3.0,1.0,2.0,1.2019843173432867
Siren Stormtamer,0.0,1,1,2.0,1.0,3.0,1.1627108427032353
Sink into Stupor,0.0,1,1,3.0,1.0,2.0,1.2308098742434557
Sinister Sabotage,0.0,1,3,2.3333333333333335,1.0,3.0,1.202013420171847
Sin Prodder,0.0,1,1,2.0,1.0,2.0,1.2020130065975916
"Eiganjo, Seat of the Empire",0.0,1,8,4.0,0.375,2.0,1.2019826437302363
Dragonsguard Elite,0.0,1,1,5.0,0.0,2.0,1.2019847300071613
Dragonlord Ojutai,0.0,1,1,3.0,1.0,3.0,1.1656876030169934
Dragonlord Atarka,0.0,1,2,2.0,1.0,2.5,1.201854108744785
Dragonkin Berserker,0.0,1,1,3.0,1.0,2.0,1.2019895904813986
Dragon Hunter,0.0,1,1,3.0,1.0,3.0,1.2019890985738861
Dovin's Veto,0.0,1,1,3.0,1.0,2.0,1.2030633546773812
Doomed Traveler,0.0,1,1,5.0,0.0,2.0,1.3321171291902985
"Domri, Anarch of Bolas",0.0,1,2,4.0,0.5,2.0,1.2020185536283838
Domri Rade,0.0,1,1,1.0,1.0,2.0,1.2019766989429128
Soldier of the Pantheon,0.0,1,2,4.0,0.5,3.0,1.2020092614917715
"Sokenzan, Crucible of Defiance",0.0,1,5,3.6,0.6,2.0,1.2019843635248
Sojourner's Companion,0.0,1,1,5.0,0.0,2.0,1.2019845285480042
Snap,0.0,1,1,3.0,1.0,2.0,1.1915030494971615
Snakeskin Veil,0.0,1,1,5.0,0.0,2.0,1.41575605942606
Smoldering Marsh,0.0,1,1,1.0,1.0,3.0,1.2649479552300993
Smash to Smithereens,0.0,1,1,5.0,0.0,3.0,1.330501439583953
Digsite Engineer,0.0,1,2,3.5,0.5,2.0,1.2551757763858034
Devourer of Destiny,0.0,1,1,5.0,0.0,2.0,1.2498653532087132
Detention Sphere,0.0,1,1,3.0,1.0,3.0,1.2873429065275388
Detective's Phoenix,0.0,1,1,2.0,1.0,2.0,1.201984316740274
Spectrum Sentinel,0.0,1,1,5.0,0.0,2.0,1.2019846557386848
Spawn of Mayhem,0.0,1,1,5.0,0.0,2.0,1.2019821880884562
Spatial Contortion,0.0,1,1,5.0,0.0,2.0,1.308507237220133
Spara's Headquarters,0.0,1,3,3.0,0.6666666666666666,2.0,1.2019971374125353
Soulfire Grand Master,0.0,1,2,2.0,1.0,2.5,1.2019843682496274
"Sorin, Solemn Visitor",0.0,1,2,4.0,0.5,2.5,1.2619428848447625
"Sorin, Lord of Innistrad",0.0,1,1,3.0,1.0,2.0,1.2382305216187182
"Sorin, Grim Nemesis",0.0,1,1,3.0,1.0,2.0,1.268237938351203
Sorin Markov,0.0,1,1,3.0,1.0,2.0,1.3534630026174497
Solitude,0.0,1,15,3.2666666666666666,0.6,2.0,1.2019843253589448
Dreadhorde Arcanist,0.0,1,4,2.75,0.75,2.0,1.2020047851803768
Dragonskull Summit,0.0,1,3,2.6666666666666665,0.6666666666666666,2.6666666666666665,1.3140131973846303
Spymaster's Vault,0.0,1,1,5.0,0.0,2.0,1.2019850279665585
Sprite Dragon,0.0,1,1,5.0,0.0,2.0,1.201983536444886
Springheart Nantuko,0.0,1,2,3.5,0.5,2.0,1.2019829896415946
Splinter Twin,0.0,1,1,5.0,0.0,2.0,1.2019854313020921
Spirit of the Labyrinth,0.0,1,4,3.5,0.5,2.25,1.2987428416066709
Spikefield Hazard,0.0,1,1,3.0,1.0,2.0,1.2308098742434557
Spike Jester,0.0,1,1,2.0,1.0,2.0,1.2019838547044623
Spidersilk Net,0.0,1,1,5.0,0.0,2.0,1.2019919891354414
Spellskite,0.0,1,2,3.5,0.5,2.5,1.38771549360739
Spellbreaker Behemoth,0.0,1,1,1.0,1.0,2.0,1.3643233213505899
Spell Queller,0.0,1,2,2.5,1.0,3.0,1.2019334735916858
Dissolve,0.0,1,1,3.0,1.0,3.0,1.2019963562159823
Dispatch,0.0,1,3,4.0,0.3333333333333333,2.0,1.2019814311912462
Disfigure,0.0,1,1,5.0,0.0,2.0,1.209624544917866
Diregraf Ghoul,0.0,1,1,5.0,0.0,2.0,1.3641768347560455
Dire Fleet Daredevil,0.0,1,5,2.8,0.8,2.8,1.2019879818382668
Destructive Revelry,0.0,1,1,1.0,1.0,2.0,1.3205131113852682
Deranged Hermit,0.0,1,4,3.25,0.75,2.5,1.2019843660151883
Den of the Bugbear,0.0,1,3,3.3333333333333335,0.6666666666666666,2.0,1.3169741301350897
Demolition Field,0.0,1,3,2.3333333333333335,1.0,2.0,1.1413488695260514
Demanding Dragon,0.0,1,1,1.0,1.0,2.0,1.1735335105377125
Delayed Blast Fireball,0.0,1,1,3.0,1.0,2.0,1.201984761764124
Deep Forest Hermit,0.0,1,1,5.0,0.0,3.0,1.2019838170882502
Declaration in Stone,0.0,1,2,3.5,0.5,2.5,1.2019818669315634
Decisive Denial,0.0,1,1,5.0,0.0,2.0,1.2019607298459924
Deathrite Shaman,0.0,1,29,3.5172413793103448,0.5172413793103449,2.1379310344827585,1.420224511200096
Steel Overseer,0.0,1,2,3.5,0.5,2.0,1.297572480554185
Static Prison,0.0,1,1,5.0,0.0,2.0,1.4065801212063762
Static Orb,0.0,1,1,5.0,0.0,3.0,1.2578399900191992
Staggershock,0.0,1,2,3.5,0.5,2.5,1.2019892351229895
"Sram, Senior Edificer",0.0,1,1,5.0,0.0,2.0,1.3608214949468969
Squelch,0.0,1,1,2.0,1.0,3.0,1.2878615679954986
Curse of Shallow Graves,0.0,1,1,3.0,1.0,2.0,1.2019866780954145
Cunning Sparkmage,0.0,1,1,2.0,1.0,2.0,1.2019855981531322
Stubborn Denial,0.0,1,1,5.0,0.0,2.0,1.2019953911327608
Stromkirk Noble,0.0,1,2,3.5,0.5,2.5,1.2918367137460114
Stroke of Midnight,0.0,1,1,5.0,0.0,2.0,1.1919438518354184
Strangleroot Geist,0.0,1,1,5.0,0.0,2.0,1.2019874919112956
Stormchaser Mage,0.0,1,1,5.0,0.0,2.0,1.2019801618733073
Stormbreath Dragon,0.0,1,1,3.0,1.0,2.0,1.2019823479851925
Stormblood Berserker,0.0,1,1,2.0,1.0,2.0,1.2019844100209411
Stonehewer Giant,0.0,1,3,3.0,0.6666666666666666,2.0,1.201984464536379
Stonecoil Serpent,0.0,1,6,4.0,0.3333333333333333,2.0,1.201985320568744
Stoke the Flames,0.0,1,1,5.0,0.0,3.0,1.2019839331071465
Stigma Lasher,0.0,1,1,2.0,1.0,2.0,1.20198433704967
Death-Greeter's Champion,0.0,1,1,3.0,1.0,2.0,1.2019851720117845
Darkblast,0.0,1,1,1.0,1.0,3.0,1.2019849444968955
Daring Skyjek,0.0,1,1,3.0,1.0,3.0,1.2020032078481104
Cranial Plating,0.0,1,3,4.0,0.3333333333333333,2.0,1.2019883179244282
Cover of Darkness,0.0,1,1,3.0,1.0,3.0,1.2988169138380692
Courser of Kruphix,0.0,1,10,3.1,0.7,2.3,1.2019855349875175
Counterflux,0.0,1,1,5.0,0.0,3.0,1.201984333060336
Sunken Hollow,0.0,1,3,3.6666666666666665,0.3333333333333333,3.0,1.243677916226697
Sungold Sentinel,0.0,1,1,3.0,1.0,2.0,1.2019846569112727
Sulfurous Springs,0.0,1,2,3.5,0.5,2.0,1.2628283192099299
Sulfuric Vortex,0.0,1,2,3.5,0.5,2.5,1.4958918605266995
Sudden Demise,0.0,1,2,2.0,1.0,2.5,1.260997826746459
Subterranean Tremors,0.0,1,1,5.0,0.0,3.0,1.267971061792856
Submerge,0.0,1,3,3.0,0.6666666666666666,2.0,1.1925885941213208
"Daretti, Ingenious Iconoclast",0.0,1,1,5.0,0.0,3.0,1.2512508922793257
"Danitha Capashen, Paragon",0.0,1,1,5.0,0.0,2.0,1.2019843209798686
Damping Sphere,0.0,1,1,3.0,1.0,2.0,1.383449996116501
Damping Matrix,0.0,2,1,3.0,1.0,2.0,1.5539695166895102
Cut Down,0.0,1,1,3.0,1.0,2.0,1.3494289000058313
Tainted Wood,0.0,1,1,3.0,1.0,2.0,1.446103384741382
Tainted Field,0.0,1,1,3.0,1.0,2.0,1.4452484756012764
Sword of the Meek,0.0,1,1,5.0,0.0,3.0,1.201986782075813
Sword of Fire and Ice,0.0,1,3,3.3333333333333335,0.6666666666666666,2.6666666666666665,1.2019867663372659
Swift Reconfiguration,0.0,1,1,1.0,1.0,2.0,1.2019844522555851
Sweltering Suns,0.0,1,1,3.0,1.0,3.0,1.2019918884849565
Supreme Will,0.0,1,2,4.0,0.5,3.0,1.4243224572286046
Supreme Verdict,0.0,1,1,3.0,1.0,3.0,1.3367087533716302
Corridor Monitor,0.0,1,1,5.0,0.0,2.0,1.293432556525972
Copy Artifact,0.0,1,1,5.0,0.0,2.0,1.3479984760090373
Coppercoat Vanguard,0.0,1,1,3.0,1.0,2.0,1.22065050493201
Containment Priest,0.0,1,3,4.333333333333333,0.3333333333333333,2.3333333333333335,1.2019909564534377
Consul's Lieutenant,0.0,1,1,3.0,1.0,3.0,1.2019846501174507
Constant Mists,0.0,1,1,5.0,0.0,2.0,1.201994932273784
Cryptic Coat,0.0,1,1,5.0,0.0,2.0,1.201985780098374
Craterhoof Behemoth,0.0,1,5,3.6,0.6,2.4,1.2019855126723435
Complicate,0.0,1,1,5.0,0.0,3.0,1.202005441155828
Commercial District,0.0,1,1,5.0,0.0,2.0,1.2020699094559673
Comeuppance,0.0,1,1,3.0,1.0,2.0,1.2085782783922951
Come Back Wrong,0.0,1,1,5.0,0.0,2.0,1.2878679922478304
Combustible Gearhulk,0.0,1,2,2.0,1.0,2.0,1.2019905201460268
Collector Ouphe,0.0,2,3,5.0,0.0,2.0,1.5029934878029203
Collective Defiance,0.0,1,1,5.0,0.0,3.0,1.2019862579573934
Collective Brutality,0.0,1,10,3.3,0.6,2.5,1.2019885327274376
Collected Company,0.0,1,1,3.0,1.0,2.0,1.1442787645490933
Coldsteel Heart,0.0,2,1,3.0,1.0,2.0,1.7040020022222238
Coercive Portal,0.0,1,1,3.0,1.0,2.0,1.2019845454622782
Clowning Around,0.0,1,1,5.0,0.0,2.0,1.3091379697414356
Tangle Wire,0.0,1,1,5.0,0.0,3.0,1.2019904690070016
Talisman of Indulgence,0.0,2,1,3.0,1.0,2.0,1.9822438817651795
Talisman of Impulse,0.0,2,1,5.0,0.0,2.0,1.991312689906652
"Takenuma, Abandoned Mire",0.0,1,3,4.333333333333333,0.3333333333333333,2.0,1.2019840508081856
Chandra's Phoenix,0.0,1,1,2.0,1.0,2.0,1.2019819588842882
Chalice of the Void,0.0,1,1,5.0,0.0,2.0,1.3954692553617662
Chainer's Edict,0.0,1,1,5.0,0.0,3.0,1.2019844173326402
Chain of Plasma,0.0,1,1,5.0,0.0,3.0,1.4139486459091606
Censor,0.0,1,2,4.0,0.5,3.0,1.2019904698844739
Temple of Silence,0.0,1,1,3.0,1.0,2.0,1.2020037028346893
Temple of Malady,0.0,1,1,3.0,1.0,2.0,1.202003788496673
Temple of Deceit,0.0,1,2,3.0,0.5,3.0,1.201998988040348
"Tasigur, the Golden Fang",0.0,1,3,2.3333333333333335,0.6666666666666666,2.6666666666666665,1.201855694764767
Tanglepool Bridge,0.0,1,2,5.0,0.0,2.0,1.1744342084534918
Clown Car,0.0,1,1,5.0,0.0,2.0,1.2020323819307643
Clarion Conqueror,0.0,1,1,5.0,0.0,2.0,1.1511647496804298
Clan Defiance,0.0,1,1,1.0,1.0,2.0,1.2894274752453296
Cityscape Leveler,0.0,1,1,5.0,0.0,2.0,1.2019858116827185
Chthonian Nightmare,0.0,1,1,5.0,0.0,2.0,1.3936343247118368
Choke,0.0,1,1,5.0,0.0,2.0,1.3278398824994386
Cathartic Pyre,0.0,1,1,3.0,1.0,2.0,1.2599092851665696
Cathar's Shield,0.0,1,1,5.0,0.0,2.0,1.2019915266287344
Cathar Commando,0.0,1,4,3.0,0.75,2.0,1.2019857388127901
Cataclysm,0.0,1,1,5.0,0.0,3.0,1.1989449724443968
"Thalia, Heretic Cathar",0.0,1,9,2.888888888888889,0.7777777777777778,2.2222222222222223,1.2019856282120214
Thalia's Lieutenant,0.0,1,2,3.0,1.0,2.5,1.2909375454820315
"Thada Adel, Acquisitor",0.0,1,1,3.0,1.0,2.0,1.2019845225674937
"Tezzeret, Agent of Bolas",0.0,1,1,5.0,0.0,3.0,1.3319718925392323
Territorial Hellkite,0.0,1,1,3.0,1.0,2.0,1.2019839886702737
Terminus,0.0,1,2,2.0,1.0,2.5,1.2019853903888371
Temporal Spring,0.0,1,1,3.0,1.0,2.0,1.308306605695425
Chasm Skulker,0.0,1,1,3.0,1.0,2.0,1.3392548065202172
Charming Prince,0.0,1,3,2.3333333333333335,1.0,2.0,1.2019950214580717
Charging Monstrosaur,0.0,1,1,2.0,1.0,2.0,1.2019854955583327
Chaos Defiler,0.0,1,2,5.0,0.0,2.0,1.2019841533986388
Channeler Initiate,0.0,1,1,3.0,1.0,3.0,1.4590503215984818
Thornspire Verge,0.0,1,1,5.0,0.0,2.0,1.36860277724415
Thopter Foundry,0.0,1,1,5.0,0.0,3.0,1.3917194564473638
Third Path Iconoclast,0.0,1,1,5.0,0.0,2.0,1.345103079720718
The Wandering Emperor,0.0,1,3,3.0,0.6666666666666666,2.0,1.2019869389681972
The Swarmweaver,0.0,1,1,2.0,1.0,2.0,1.2019815817157613
The Scarab God,0.0,1,1,5.0,0.0,3.0,1.2019936242239708
The Mycosynth Gardens,0.0,1,2,5.0,0.0,2.0,1.4245606925768897
The Golden Throne,0.0,1,1,5.0,0.0,2.0,1.2019869129203062
The Gitrog Monster,0.0,1,1,1.0,1.0,3.0,1.2019849820252038
Cemetery Prowler,0.0,1,1,5.0,0.0,2.0,1.2019845765219055
Cemetery Gatekeeper,0.0,1,1,3.0,1.0,2.0,1.201992595059644
Celestial Purge,0.0,1,1,5.0,0.0,2.0,1.2766305938009375
Celestial Colonnade,0.0,1,1,2.0,1.0,3.0,1.2676477443745788
Caves of Koilos,0.0,1,4,3.25,0.75,2.5,1.3873365663418271
Cavern Harpy,0.0,1,1,3.0,1.0,2.0,1.1739166978611615
Cave of the Frost Dragon,0.0,1,3,2.3333333333333335,1.0,2.0,1.3209181979639777
Carnage Tyrant,0.0,1,1,3.0,1.0,3.0,1.201988715831742
Captain Lannery Storm,0.0,1,1,2.0,1.0,2.0,1.2019849860995868
Capsize,0.0,1,2,5.0,0.0,2.5,1.2019849265976879
Canyon Slough,0.0,1,2,1.0,1.0,3.0,1.2020018914494843
Canopy Vista,0.0,1,1,5.0,0.0,2.0,1.269033869815014
Cankerbloom,0.0,1,6,3.1666666666666665,0.6666666666666666,2.0,1.201984327212828
Candelabra of Tawnos,0.0,1,2,5.0,0.0,2.0,1.3815330792197758
Caller of the Claw,0.0,1,1,1.0,1.0,2.0,1.201987235889615
"Thrun, the Last Troll",0.0,1,2,4.0,0.5,2.0,1.2019829841433223
"Thrun, Breaker of Silence",0.0,1,3,3.6666666666666665,0.6666666666666666,2.0,1.201999846531477
Thrashing Brontodon,0.0,1,1,3.0,1.0,3.0,1.2880844133635798
Thragtusk,0.0,1,6,2.8333333333333335,0.8333333333333334,2.3333333333333335,1.34693862445793
Thraben Inspector,0.0,1,1,5.0,0.0,3.0,1.201990173900238
Thraben Charm,0.0,1,1,5.0,0.0,2.0,1.2466074393782325
Thoughtcast,0.0,1,3,4.0,0.3333333333333333,2.3333333333333335,1.2019843139389392
Thought Monitor,0.0,1,3,4.0,0.3333333333333333,2.0,1.2019839708063655
Bygone Bishop,0.0,1,1,2.0,1.0,2.0,1.2019306085072177
Butcher of the Horde,0.0,1,1,2.0,1.0,2.0,1.1748796040199685
Burrenton Forge-Tender,0.0,1,1,5.0,0.0,3.0,1.2020055597356112
Brushland,0.0,1,3,1.6666666666666667,1.0,2.0,1.2470804585667243
Broadside Bombardiers,0.0,1,1,5.0,0.0,2.0,1.2019868022106028
Brimstone Volley,0.0,1,1,2.0,1.0,2.0,1.2019897303951563
Tithe Taker,0.0,1,1,2.0,1.0,3.0,1.2019811813987562
Tithe,0.0,1,1,5.0,0.0,2.0,1.2162508203831857
"Titania, Voice of Gaea",0.0,1,1,5.0,0.0,2.0,1.2019840911792528
Tireless Provisioner,0.0,1,2,3.0,0.5,2.0,1.201984856637163
Timely Reinforcements,0.0,1,1,3.0,1.0,2.0,1.2920099215629157
Timeless Witness,0.0,1,2,1.0,1.0,2.0,1.2019806607620944
Cast Out,0.0,1,1,3.0,1.0,3.0,1.2019853753286136
Carven Caryatid,0.0,1,1,1.0,1.0,2.0,1.201991036987199
Carrion Feeder,0.0,1,1,5.0,0.0,2.0,1.1723026924427877
Carpet of Flowers,0.0,1,1,5.0,0.0,2.0,1.3664489219052174
Briarbridge Tracker,0.0,1,1,5.0,0.0,2.0,1.201984370897496
Breath of Darigaaz,0.0,1,1,2.0,1.0,2.0,1.201978399097718
Brash Taunter,0.0,1,1,3.0,1.0,2.0,1.2019679196698057
Brain Freeze,0.0,1,1,5.0,0.0,2.0,1.2020116678905852
Bounty Agent,0.0,1,1,5.0,0.0,3.0,1.2019844813368274
"Boseiju, Who Endures",0.0,1,21,3.8095238095238093,0.42857142857142855,2.0,1.2019826187953364
"Traxos, Scourge of Kroog",0.0,1,1,5.0,0.0,2.0,1.2019934003740869
Tranquil Thicket,0.0,1,2,3.0,0.5,2.5,1.2019994879440494
Tranquil Cove,0.0,1,1,3.0,1.0,3.0,1.360007803763657
Town Gossipmonger,0.0,1,1,3.0,1.0,3.0,1.2440300956948909
Tough Cookie,0.0,1,1,5.0,0.0,2.0,1.2020142845094324
Touch the Spirit Realm,0.0,1,3,2.0,1.0,2.0,1.201987649668978
Tormented Hero,0.0,1,1,3.0,1.0,3.0,1.201988421520277
"Tomik, Distinguished Advokist",0.0,1,1,3.0,1.0,3.0,1.1607680097284194
Cabal Therapy,0.0,1,1,5.0,0.0,2.0,1.2019846980935434
Byway Barterer,0.0,1,1,5.0,0.0,2.0,1.202006275229447
"Boromir, Warden of the Tower",0.0,1,3,3.6666666666666665,0.6666666666666666,2.0,1.2019842899182038
Borborygmos Enraged,0.0,1,1,1.0,1.0,2.0,1.2019781427675285
Bone Shards,0.0,1,1,3.0,1.0,2.0,1.2453567797061313
Bone Saw,0.0,1,1,5.0,0.0,2.0,1.201992470921254
Bone Picker,0.0,1,1,5.0,0.0,2.0,1.2019693874066306
Bonds of Faith,0.0,1,1,3.0,1.0,3.0,1.201984440034752
Bomat Courier,0.0,1,1,5.0,0.0,3.0,1.201988329358062
Bojuka Bog,0.0,1,1,5.0,0.0,2.0,1.3928326630021495
Boggart Ram-Gang,0.0,1,1,2.0,1.0,2.0,1.2019843388675893
"Ugin, Eye of the Storms",0.0,1,1,5.0,0.0,2.0,1.3113477360958665
Tyrranax Rex,0.0,1,2,5.0,0.0,2.0,1.2019849581996933
Twilight Mire,0.0,2,3,3.0,0.6666666666666666,2.3333333333333335,1.551467553973475
Trygon Predator,0.0,1,2,4.0,0.5,2.5,1.1716939906582178
Triumph of Saint Katherine,0.0,1,2,5.0,0.0,2.0,1.2019846949061281
Tree of Tales,0.0,1,3,5.0,0.0,2.0,1.418310694444083
"Brimaz, King of Oreskos",0.0,1,3,3.3333333333333335,0.6666666666666666,2.6666666666666665,1.2019844193288236
Bloodvial Purveyor,0.0,1,1,5.0,0.0,2.0,1.2018485611166552
Bloodghast,0.0,1,2,5.0,0.0,2.0,1.2019999597187114
Bloodchief's Thirst,0.0,1,1,3.0,1.0,2.0,1.2019770728826291
Bloodbraid Elf,0.0,1,1,1.0,1.0,3.0,1.2019850028721053
Bloodboil Sorcerer,0.0,1,3,2.3333333333333335,1.0,2.0,1.201997353763267
Blood Moon,0.0,1,10,3.2,0.7,2.4,1.3582812864920297
Blood Knight,0.0,1,1,2.0,1.0,2.0,1.201985663815563
Blistering Firecat,0.0,1,1,2.0,1.0,2.0,1.201984335173116
Blinkmoth Well,0.0,1,1,5.0,0.0,3.0,1.2370187765045733
Unholy Heat,0.0,1,9,2.888888888888889,0.6666666666666666,2.0,1.2019826654755046
Unexpectedly Absent,0.0,1,1,1.0,1.0,2.0,1.2185018226981057
Underground River,0.0,1,3,5.0,0.0,2.6666666666666665,1.2826912119746843
Underground Mortuary,0.0,1,3,3.3333333333333335,0.6666666666666666,2.0,1.2020656825071379
Ulvenwald Captive,0.0,1,1,3.0,1.0,3.0,1.2440300956948909
Boros Reckoner,0.0,1,2,2.5,1.0,2.0,1.2877558001127287
Boros Elite,0.0,1,1,3.0,1.0,3.0,1.201999211895675
Blast Zone,0.0,1,2,5.0,0.0,2.0,1.3181694941296331
Blasphemous Act,0.0,1,1,3.0,1.0,2.0,1.1768403040113562
Blade of the Oni,0.0,1,1,5.0,0.0,2.0,1.2019843227834173
Blackcleave Cliffs,0.0,1,2,3.5,0.5,2.0,1.3859581130889937
Bitterblossom,0.0,1,2,3.0,0.5,3.0,1.3936650301450468
Biophagus,0.0,1,3,5.0,0.0,2.0,1.2019926341860934
Vampire Hexmage,0.0,1,2,5.0,0.0,2.0,1.2019896783608175
"Valgavoth, Terror Eater",0.0,1,1,3.0,1.0,2.0,1.201983780049907
"Valakut, the Molten Pinnacle",0.0,1,1,3.0,1.0,2.0,1.2618856577517807
Usher of the Fallen,0.0,1,1,3.0,1.0,2.0,1.2019732806629249
Urza's Tower,0.0,1,1,5.0,0.0,2.0,1.4671997335186369
Urza's Power Plant,0.0,1,1,5.0,0.0,2.0,1.428962521330905
Urza's Mine,0.0,1,1,5.0,0.0,2.0,1.4674731011719961
Ursine Monstrosity,0.0,1,1,5.0,0.0,2.0,1.2019863699907753
Blossoming Defense,0.0,1,1,5.0,0.0,2.0,1.3927379017996202
Blooming Marsh,0.0,1,6,3.1666666666666665,0.6666666666666666,2.1666666666666665,1.3596017629993482
Vivi Ornitier,0.0,1,1,3.0,1.0,2.0,1.4943492535018348
Viridian Shaman,0.0,1,1,1.0,1.0,2.0,1.2886390460691883
Vines of Vastwood,0.0,1,1,5.0,0.0,2.0,1.2020324806623683
Vinelasher Kudzu,0.0,1,1,3.0,1.0,2.0,1.2019696271562252
Vindictive Lich,0.0,1,1,2.0,1.0,2.0,1.2305931321647432
Vexing Devil,0.0,1,2,3.5,0.5,2.5,1.3476653466706554
Vexing Bauble,0.0,1,1,5.0,0.0,2.0,1.4093277818249774
Veteran Survivor,0.0,1,1,3.0,1.0,2.0,1.2019816609490086
"Venser, Shaper Savant",0.0,1,6,2.6666666666666665,0.8333333333333334,2.8333333333333335,1.201985020239654
Veil of Summer,0.0,1,1,5.0,0.0,2.0,1.3958816876871918
Vedalken Shackles,0.0,1,5,3.6,0.6,2.8,1.3912559295768456
Vault Skirge,0.0,1,1,5.0,0.0,2.0,1.2019802554662273
Vapor Snag,0.0,1,1,5.0,0.0,2.0,1.3401713242118853
Blightsteel Colossus,0.0,1,2,5.0,0.0,2.5,1.201982834333532
Blessed Alliance,0.0,1,1,3.0,1.0,2.0,1.2019851704898272
Blazemire Verge,0.0,1,1,5.0,0.0,2.0,1.4084527004091156
Benalish Marshal,0.0,1,1,3.0,1.0,3.0,1.4156547841613663
Bedevil,0.0,1,1,1.0,1.0,3.0,1.1338188138424545
Batterskull,0.0,1,4,3.0,0.75,2.5,1.2019847941744386
Batterbone,0.0,1,1,5.0,0.0,2.0,1.2019848172743115
Barren Moor,0.0,1,2,3.0,0.5,2.5,1.2020084023535627
Barbarian Ring,0.0,1,2,3.5,0.5,2.5,1.2019881377070454
Banisher Priest,0.0,1,2,4.0,0.5,3.0,1.2405741443403404
"Vorinclex, Monstrous Raider",0.0,1,1,5.0,0.0,2.0,1.201988471940957
Voracious Hydra,0.0,1,1,5.0,0.0,2.0,1.201987649543092
Voltaic Servant,0.0,1,1,5.0,0.0,3.0,1.3158701176982859
Voltaic Key,0.0,1,4,5.0,0.0,2.75,1.3955868536806502
Volcanic Fallout,0.0,1,1,2.0,1.0,2.0,1.3677832964826697
Voice of Victory,0.0,1,1,5.0,0.0,2.0,1.2019864801275681
Voice of Resurgence,0.0,1,3,2.3333333333333335,1.0,2.0,1.267835042624217
"Vivien, Monsters' Advocate",0.0,1,1,5.0,0.0,2.0,1.285411843643006
Vivien on the Hunt,0.0,1,1,5.0,0.0,2.0,1.201984316770738
Bane of Progress,0.0,1,2,3.0,0.5,2.0,1.3959039243137197
Ball Lightning,0.0,1,1,2.0,1.0,2.0,1.2019847399465913
Avenging Hunter,0.0,1,1,1.0,1.0,2.0,1.2019916637390475
Avenger of Zendikar,0.0,1,1,4.0,1.0,2.0,1.20198118149055
Aven Interrupter,0.0,1,1,5.0,0.0,2.0,1.2019845030741814
"Aurelia, Exemplar of Justice",0.0,1,1,2.0,1.0,2.0,1.201862967346008
Augur of Bolas,0.0,1,1,5.0,0.0,3.0,1.2864652450027576
Augur of Autumn,0.0,1,1,5.0,0.0,2.0,1.2019851895780755
Warping Wail,0.0,1,1,5.0,0.0,2.0,1.2360936272050682
Wanted Scoundrels,0.0,1,1,3.0,1.0,3.0,1.2019849410015346
Wandering Fumarole,0.0,1,4,3.5,0.5,3.0,1.3033654015971192
"Wan Shi Tong, Librarian",0.0,1,1,3.0,1.0,2.0,1.2019841461164296
"Vraska, Golgari Queen",0.0,1,1,5.0,0.0,2.0,1.1528277861652216
Vraska's Contempt,0.0,1,1,3.0,1.0,2.0,1.1778157843427102
Vraska the Unseen,0.0,1,1,3.0,1.0,2.0,1.3059183842040898
Voyaging Satyr,0.0,2,3,1.6666666666666667,1.0,2.3333333333333335,1.580595411625458
Asylum Visitor,0.0,1,1,2.0,1.0,2.0,1.2019898074975235
Ash Zealot,0.0,1,2,3.5,0.5,2.5,1.201988840497594
Ascendant Packleader,0.0,1,1,5.0,0.0,2.0,1.4486837789584568
Armored Scrapgorger,0.0,2,2,5.0,0.0,2.0,1.5684676001833227
"Argoth, Sanctum of Nature",0.0,1,1,5.0,0.0,2.0,1.2019846630667357
Argentum Armor,0.0,1,1,5.0,0.0,2.0,1.201985419972221
Arcum's Astrolabe,0.0,1,1,3.0,1.0,2.0,1.4446192322432523
Archon of Emeria,0.0,1,4,3.25,0.75,2.0,1.1657735297077172
Archon of Cruelty,0.0,1,1,3.0,1.0,2.0,1.1718234411369841
Archmage's Charm,0.0,1,1,5.0,0.0,3.0,1.3550398259675465
Whisperwood Elemental,0.0,1,1,3.0,1.0,3.0,1.2019944906563595
Werewolf Pack Leader,0.0,1,1,5.0,0.0,2.0,1.2019951331701442
Werebear,0.0,1,1,3.0,1.0,2.0,1.2019898324047902
Weathered Runestone,0.0,1,1,5.0,0.0,2.0,1.4909815143233365
Wastescape Battlemage,0.0,1,1,5.0,0.0,2.0,1.2019974259203583
Banefire,0.0,1,1,1.0,1.0,2.0,1.334852701177489
Zurgo Bellstriker,0.0,1,2,3.5,0.5,2.5,1.2020232959000434
"Yasharn, Implacable Earth",0.0,1,1,5.0,0.0,2.0,1.2543967550078483
"Xenagos, God of Revels",0.0,1,1,1.0,1.0,2.0,1.1789115941311727
Xathrid Necromancer,0.0,1,1,3.0,1.0,3.0,1.2521493436838704
Xander's Lounge,0.0,1,2,3.0,0.5,2.0,1.2019985681272518
Worm Harvest,0.0,1,1,5.0,0.0,2.0,1.2019853550367532
World Breaker,0.0,1,1,1.0,1.0,2.0,1.201984430393913
Woodland Cemetery,0.0,1,2,4.0,0.5,2.0,1.2750085630894843
Always Watching,0.0,1,1,3.0,1.0,3.0,1.3962809640458125
Aluren,0.0,1,1,3.0,1.0,2.0,1.4325742119216935
"Alesha, Who Smiles at Death",0.0,1,1,2.0,1.0,2.0,1.2019886769039714
Ahn-Crop Crasher,0.0,1,2,4.0,0.5,2.5,1.2019843271412043
Agatha's Soul Cauldron,0.0,1,3,4.0,0.3333333333333333,2.0,1.2970812898001838
Aetherflux Reservoir,0.0,1,1,5.0,0.0,2.0,1.3445102579729502
Aether Gust,0.0,1,1,3.0,1.0,2.0,1.2559844088484002
Arcbound Ravager,0.0,1,2,3.5,0.5,2.0,1.2019866975450468
"Zhao, the Moon Slayer",0.0,1,1,5.0,0.0,2.0,1.2020059870185378
Zealous Persecution,0.0,1,2,3.5,0.5,2.5,1.1761386185366696
Zealous Conscripts,0.0,1,3,3.0,0.6666666666666666,2.0,1.2019851254154434
Zagoth Triome,0.0,1,2,4.0,0.5,2.0,1.2020023731094418
You Find Some Prisoners,0.0,2,1,5.0,0.0,2.0,1.5280715901773179
"Yawgmoth, Thran Physician",0.0,1,1,5.0,0.0,2.0,1.2019842585275229
Yavimaya Iconoclast,0.0,1,1,3.0,1.0,2.0,1.2019979845786115
Yavimaya Hollow,0.0,1,2,3.5,1.0,2.0,1.249754320830312
Aether Channeler,0.0,1,1,3.0,1.0,2.0,1.2796484572572244
Adaptive Automaton,0.0,1,1,3.0,1.0,3.0,1.3044435482295396
Accorder Paladin,0.0,1,1,3.0,1.0,3.0,1.201985813117059
Academy Rector,0.0,1,2,3.0,1.0,2.0,1.31705319497652
Abstergo Entertainment,0.0,1,1,5.0,0.0,2.0,1.3420064560852354
Abrupt Decay,0.0,1,9,3.5555555555555554,0.5555555555555556,2.111111111111111,1.3300973892946337
Abhorrent Oculus,0.0,1,1,1.0,1.0,2.0,1.2019850803185184
Abbot of Keral Keep,0.0,1,1,5.0,0.0,3.0,1.201994792699475
